year,police_station,fatal_cases,fatal_male,fatal_female,fatal_total,severe_cases,severe_male,severe_female,severe_total,injured_cases,injured_male,injured_female,injured_total,noninjured_cases
1980,Kalasipalya,_,_,_,0,1,1,_,1,20,17,3,20,8
1980,Central,_,_,_,0,_,_,_,0,6,5,1,6,3
1980,shankarpura,_,_,_,0,_,_,_,0,2,3,_,3,2
1980,Chamarajpet,2,1,1,2,1,1,_,1,32,30,6,36,8
1980,Byatarayanapura,5,3,2,5,_,_,_,0,10,9,1,10,4
1980,Kengeri,_,_,_,0,_,_,_,0,2,6,1,7,4
1980,G.G.Halli,1,1,_,1,_,_,_,0,6,6,1,7,1
1980,Janabharathi,_,_,_,0,1,1,_,1,_,_,_,0,1
1980,Jayangar,3,3,_,3,16,14,2,16,32,32,1,33,18
1980,J.P.Nagar,1,1,_,1,4,4,_,4,18,18,1,19,13
1980,Siddapura,_,_,_,0,7,6,1,7,14,14,2,16,9
1980,Thilaknagar,2,2,_,2,5,5,_,5,12,11,2,13,11
1980,Basavanagudi,6,6,_,6,12,11,1,12,52,55,1,56,18
1980,T.R.Nagar,2,2,_,2,6,6,_,6,18,19,2,21,12
1980,Banashankari,6,6,_,6,16,15,1,16,20,28,2,30,4
1980,Hanumanthanagar,5,5,_,5,4,4,_,4,22,32,2,34,12
1980,Subramanyapura,4,4,_,4,3,3,_,3,12,15,2,17,5
1980,Ulsoorgate,8,8,1,9,5,4,1,5,58,62,2,64,32
1980,S.J.Park,3,3,1,4,1,1,1,2,35,48,2,50,12
1980,S.R.Nagar,8,8,_,8,2,2,1,3,45,40,2,42,20
1980,Wilsongarden,12,12,_,12,6,5,2,7,98,106,2,108,52
1980,Ashoknagar,9,9,1,10,17,17,2,19,74,74,4,78,26
1980,Viveknagar,1,1,_,1,2,2,_,2,6,6,2,8,5
1980,Koramangala,3,3,_,3,3,3,_,3,14,14,2,16,13
1980,Audogodi,2,2,_,2,5,5,1,6,20,20,2,22,16
1980,Madivala,4,4,_,4,15,15,2,17,26,24,2,26,14
1980,Mico lay out,1,1,_,1,8,8,_,8,22,22,4,26,12
1980,Frazer town,8,8,_,8,8,10,2,12,56,66,4,70,37
1980,K.G.Halli,1,1,_,1,1,1,_,1,14,14,1,15,5
1980,D.J.Halli,1,1,_,1,1,1,_,1,8,8,2,10,3
1980,Banasavadi,2,2,_,2,5,6,1,7,25,27,4,31,12
1980,Ulsoor,10,12,1,13,25,23,3,26,56,50,8,58,33
1980,Indiranagar,3,3,_,3,10,8,2,10,40,36,4,40,20
1980,Byappanahalli,4,4,_,4,8,7,1,8,25,25,2,27,22
1980,K.R.Pura,5,5,_,5,5,5,_,5,28,26,3,29,20
1980,Mahadevpura,4,4,_,4,5,5,_,5,12,12,_,12,15
1980,H.A.L,1,1,_,1,4,4,_,4,17,17,1,18,10
1980,Airport,1,1,_,1,_,_,_,0,21,21,1,22,17
1980,J.B.Nagar,_,_,_,0,_,_,_,0,18,18,2,20,11
1980,H.Grounds,1,_,1,1,10,7,3,10,10,11,19,30,16
1980,Cubbonpark,1,_,1,1,16,10,6,16,14,15,20,35,18
1980,C.Street,14,11,3,14,54,53,3,56,82,64,19,83,97
1980,Bharathinagar,1,1,_,1,4,4,_,4,6,5,2,7,6
1980,Shivajinagar,1,1,_,1,2,2,_,2,6,5,1,6,_
1980,Sheshadripuram,6,4,2,6,26,18,8,26,41,22,20,42,47
1980,Vyalikaval,3,3,_,3,18,13,5,18,40,26,16,42,27
1980,Hebbal,6,6,_,6,12,10,3,13,51,42,12,54,14
1980,Yelahanka,8,6,2,8,8,6,3,9,39,82,8,90,29
1980,J.C.Nagar,_,_,_,0,2,1,1,2,11,8,3,11,3
1980,R.T.Nagar,_,_,_,0,_,_,_,0,_,_,_,0,_
1980,Vidhana soudha,_,_,_,0,4,2,2,4,6,7,4,11,2
1980,Malleshwaram,5,4,1,5,4,4,_,4,86,90,10,100,35
1980,Sadashivangar,4,4,_,4,_,_,_,0,60,67,3,70,28
1980,Srirampura,3,2,1,3,5,5,1,6,83,88,12,100,14
1980,Yeshwanthapura,14,14,2,16,3,3,_,3,65,85,5,90,30
1980,R.M.C.Yard,_,_,_,0,_,_,_,0,5,6,1,7,4
1980,Peenya,12,12,2,14,4,4,1,5,56,78,8,86,45
1980,S.D.Halli,_,_,_,0,_,_,_,0,3,3,_,3,2
1980,Jalahalli,2,2,_,2,2,2,_,2,16,23,1,24,4
1980,Rajajinagar,20,18,2,20,3,3,1,4,65,75,8,83,20
1980,Vijayanagar,3,3,_,3,2,2,_,2,50,52,5,57,8
1980,Subramanyanagar,6,6,_,6,5,5,2,7,55,63,7,70,17
1981,Central,4,3,1,4,14,14,_,14,16,15,1,16,10
1981,Kalasipalya,5,5,_,5,18,17,1,18,36,34,2,36,22
1981,Shanakarpura,1,1,_,1,6,6,_,6,17,17,_,17,11
1981,Victoria,_,_,_,0,_,_,_,0,_,_,_,0,_
1981,Chamrajpet,9,7,2,9,11,10,1,11,56,53,3,56,25
1981,Byatarayanapura,10,10,1,11,12,11,1,12,60,57,3,60,20
1981,Kengeri,8,8,_,8,10,11,1,12,36,42,_,42,13
1981,G.G.Halli,1,1,_,1,1,1,_,1,3,3,_,3,6
1981,Giringar,_,_,_,0,_,_,_,0,_,_,_,0,_
1981,Janabharathi,1,1,_,1,2,2,_,2,22,21,_,21,18
1981,Chikpet,1,1,_,1,8,7,1,8,24,22,4,26,24
1981,Upparpet,9,8,1,9,14,12,2,14,42,43,6,49,29
1981,Magadiraod,10,9,1,10,11,9,2,11,38,35,5,40,21
1981,Citymarket,2,1,1,2,3,2,1,3,21,26,_,26,9
1981,N.T.Pet,4,3,1,4,5,5,_,5,18,24,_,24,12
1981,Kengerigate,8,7,1,8,7,4,3,7,55,65,3,68,19
1981,J.J.Nagar,1,1,_,1,2,2,_,2,19,26,_,26,11
1981,Malleshwaram,2,2,1,3,3,3,_,3,75,55,40,95,22
1981,Sadashivnagar,1,1,_,1,_,_,_,0,40,20,25,45,15
1981,Srirampura,4,4,1,5,6,6,1,7,61,57,36,93,37
1981,Yeshwanthpura,18,20,3,23,1,1,_,1,82,52,25,77,23
1981,R.M.C.Yard,_,_,_,0,_,_,_,0,8,10,3,13,1
1981,Peenya,12,11,1,12,1,1,_,1,55,63,22,85,25
1981,S.D.Halli,_,_,_,0,_,_,_,0,6,8,2,10,1
1981,Jalahalli,1,1,_,1,1,1,_,1,15,13,5,18,1
1981,G.Gudi,_,_,_,0,_,_,_,0,_,_,_,0,_
1981,Rajajinagar,10,9,1,10,6,3,1,4,70,70,30,100,26
1981,Vijayanagar,3,3,_,3,1,1,1,2,65,60,19,79,28
1981,Subramanyanagar,6,6,1,7,2,2,_,2,50,76,31,107,15
1981,M.Layout,_,_,_,0,_,_,_,0,13,15,6,21,8
1981,Basveshwarnagar,_,_,_,0,_,_,_,0,_,_,_,0,_
1981,Kamakshipalya,_,_,_,0,_,_,_,0,_,_,_,0,_
1981,Rajgopalnagar,_,_,_,0,_,_,_,0,_,_,_,0,_
1981,H.Grounds,_,_,_,0,26,26,2,28,43,53,3,56,43
1981,Cubbonpark,7,7,_,7,34,35,2,37,73,85,3,88,86
1981,C.Street,5,5,_,5,14,11,3,14,28,25,10,35,36
1981,Bharathinagar,4,4,_,4,10,8,_,8,23,21,7,28,9
1981,Shivajinagar,1,1,_,1,9,8,1,9,27,25,5,30,5
1981,Sheshadripura,8,7,1,8,20,20,2,22,53,115,3,118,29
1981,Vyalikaval,6,6,_,6,18,17,1,18,25,35,2,37,21
1981,Hebbal,8,8,_,8,14,14,_,14,24,31,2,33,11
1981,Yelahanka,13,13,_,13,5,5,1,6,39,46,1,47,12
1981,J.C.Nagar,2,2,1,3,5,5,1,6,28,35,2,37,12
1981,R.T.Nagar,_,_,_,0,_,_,_,0,_,_,_,0,_
1981,Vidhanasoudha,3,3,_,3,8,8,2,10,17,20,2,22,10
1981,Jayanagar,5,5,1,6,2,2,_,2,31,35,5,40,16
1981,J.P.Nagar,2,2,_,2,1,1,_,1,12,13,8,21,9
1981,Siddapura,2,2,_,2,2,2,_,2,28,31,2,33,10
1981,Thilaknagar,3,3,_,3,1,1,_,1,14,18,1,19,6
1981,Basavanagudi,4,4,_,4,8,6,2,8,25,28,2,30,9
1981,T.R.Nagar,1,1,_,1,2,2,_,2,12,15,3,18,8
1981,Banashankari,3,3,_,3,12,10,2,12,18,20,_,20,9
1981,Hanumanthanagar,2,2,_,2,5,5,_,5,19,25,_,25,6
1981,Subramanyapura,3,3,_,3,3,3,_,3,11,13,1,14,4
1981,Ulsoorgate,8,8,_,8,9,7,2,9,85,90,2,92,29
1981,S.J.Park,3,3,_,3,6,6,_,6,33,35,2,37,2
1981,S.R.Nagar,9,9,_,9,9,9,_,9,28,35,2,37,21
1981,Wilsongarden,13,13,1,14,10,10,2,12,121,149,5,154,38
1981,Ashoknagar,12,13,1,14,12,10,2,12,51,55,8,63,48
1981,Viveknagar,2,2,_,2,2,2,_,2,8,9,1,10,4
1981,Koramangala,5,5,_,5,6,6,_,6,16,19,3,22,12
1981,Audogodi,6,6,_,6,7,7,_,7,12,15,2,17,11
1981,Madivala,10,11,1,12,10,8,2,10,21,26,4,30,15
1981,Micolayout,7,8,1,9,8,8,2,10,18,20,5,25,16
1981,Frazertown,5,4,1,5,8,9,_,9,39,41,2,43,12
1981,K.G.Halli,3,3,_,3,2,2,1,3,10,10,3,13,5
1981,J.J.Halli,2,2,_,2,3,3,1,4,7,7,2,9,5
1981,Banasawadi,3,2,1,3,5,5,_,5,18,18,3,21,12
1981,Ulsoor,12,12,1,13,13,11,2,13,50,71,6,77,33
1981,Indiranagar,3,3,_,3,10,6,1,7,41,51,5,56,17
1981,Byappanahalli,6,6,1,7,8,8,1,9,30,35,2,37,18
1981,K.R.Pura,8,8,1,9,10,10,1,11,25,30,5,35,26
1981,Mahadevapura,5,5,_,5,7,7,_,7,12,17,2,19,14
1981,H.A.L,4,3,_,3,6,6,_,6,22,27,3,30,12
1981,Airport,6,6,_,6,9,9,_,9,26,30,2,32,18
1981,J.B.Nagar,2,2,_,2,4,4,_,4,8,13,2,15,8
1982,Ashokngar,8,7,1,8,15,13,2,15,115,127,2,129,30
1982,Viveknagar,2,2,_,2,3,3,_,3,5,5,_,5,3
1982,Koramangala,5,5,_,5,8,7,1,8,12,15,2,17,10
1982,Audogodi,3,2,_,2,7,7,2,9,19,21,2,23,14
1982,Madivala,8,8,_,8,12,10,1,11,21,25,2,27,15
1982,Micolayout,2,2,_,2,10,10,1,11,12,15,2,17,10
1982,Frazertown,7,7,1,8,20,21,1,22,29,31,4,35,12
1982,K.G.Halli,1,1,_,1,6,6,_,6,6,7,2,9,3
1982,D.J.Halli,2,2,_,2,12,13,1,14,13,15,4,19,9
1982,Banasawadi,2,2,_,2,7,8,1,9,8,14,4,18,6
1982,Ulsoor,14,14,1,15,18,21,1,22,44,54,4,58,20
1982,Indiranagar,3,3,_,3,2,2,_,2,30,42,2,44,
1982,Byappanahalli,6,6,_,6,7,7,_,7,15,15,2,17,
1982,K.R.Puram,7,7,_,7,12,12,_,12,29,29,1,30,
1982,Mahdevpura,2,2,_,2,8,8,_,8,14,14,_,14,
1982,H.A.L,1,1,_,1,2,2,_,2,20,20,_,20,
1982,Airport,1,1,_,1,3,3,_,3,16,16,_,16,
1982,J.B.Nagar,_,_,_,0,3,3,_,3,8,8,_,8,
1982,Central,3,3,1,4,10,10,1,11,35,45,3,48,
1982,Kalasipalayam,7,6,1,7,16,14,3,17,60,80,4,84,32
1982,Shankarapuram,1,1,_,1,8,7,1,8,22,28,2,30,17
1982,Victoria,_,_,_,0,_,_,_,0,_,_,_,0,_
1982,Chamrajpet,10,7,3,10,21,20,3,23,24,28,2,30,15
1982,Byatarayanapura,12,9,3,12,23,20,3,23,40,60,4,64,20
1982,Kengeri,5,4,1,5,6,6,1,7,22,32,2,34,9
1982,G.G.Halli,2,2,_,2,3,3,1,4,9,9,1,10,9
1982,Girinagar,_,_,_,0,_,_,_,0,_,_,_,0,_
1982,Janabharathi,3,3,_,3,2,2,_,2,6,6,_,6,4
1982,H.Grounds,5,5,_,5,20,21,1,22,54,65,3,68,38
1982,Cubbonpark,5,5,_,5,25,26,2,28,54,71,5,76,63
1982,C.Street,3,2,1,3,32,32,2,34,21,28,10,38,21
1982,Bharathinagar,3,2,1,3,11,11,_,11,24,25,6,31,17
1982,Shivajinagar,1,1,_,1,7,7,_,7,14,10,5,15,10
1982,Sheshadripuram,8,8,_,8,14,12,2,14,50,72,4,76,30
1982,Vyalikaval,5,5,_,5,18,16,3,19,26,35,2,37,23
1982,Hebbal,7,7,_,7,15,13,2,15,22,33,2,35,16
1982,Yelahanka,14,14,1,15,10,8,2,10,16,25,3,28,8
1982,J.C.Nagar,6,6,_,6,11,10,1,11,33,45,2,47,18
1982,R.T.Nagar,_,_,_,0,_,_,_,0,_,_,_,0,_
1982,Vidhanasoudha,_,_,_,0,7,8,1,9,19,25,2,27,16
1982,Malleshwaram,7,6,1,7,5,5,1,6,82,60,18,78,25
1982,Sadashivnagar,3,3,_,3,2,1,1,2,20,28,8,36,15
1982,Srirampuram,5,3,2,5,4,3,1,4,41,41,24,65,20
1982,Yeshwanthpur,15,14,1,15,2,1,1,2,93,105,26,131,44
1982,R.M.C.Yard,1,1,_,1,1,1,_,1,6,5,1,6,2
1982,Peenya,12,11,1,12,1,1,_,1,60,87,29,116,37
1982,S.D.Halli,_,_,_,0,_,_,_,0,8,6,3,9,3
1982,Jalahalli,1,_,1,1,1,1,_,1,16,14,2,16,6
1982,G.Gudi,_,_,_,0,_,_,_,0,_,_,_,0,_
1982,Rajajinagar,13,11,3,14,3,2,1,3,65,55,49,104,35
1982,Vijayanagar,9,9,1,10,2,2,_,2,48,38,25,63,26
1982,Subramanyanagar,7,7,_,7,2,2,1,3,51,31,23,54,24
1982,M.Layout,1,1,_,1,1,1,_,1,18,18,2,20,58
1982,Basveshwarnagar,_,_,_,,_,_,_,0,_,_,_,0,_
1982,Kamakshipalya,_,_,_,,_,_,_,0,_,_,_,0,_
1982,Rajgoplanagar,_,_,_,,_,_,_,0,_,_,_,0,_
1983,Central,4,4,1,5,11,11,1,12,25,31,6,37,6
1983,Kalasipalya,6,6,1,7,16,16,2,18,36,41,6,47,13
1983,Shanakarpura,3,3,_,3,12,12,_,12,21,23,2,25,3
1983,Victoria,_,_,_,0,_,_,_,0,_,_,_,0,_
1983,Chamrajpet,12,12,3,15,20,22,4,26,40,45,8,53,36
1983,G.G.Halli,2,2,_,2,4,4,1,5,12,13,2,15,13
1983,Giringar,_,_,_,0,_,_,_,0,_,_,_,0,_
1983,Byatarayanapura,23,23,6,29,29,30,5,35,69,30,11,41,34
1983,Janabahatathi,_,_,_,0,1,1,_,1,6,6,1,7,6
1983,Kengeri,4,4,1,5,9,9,2,11,29,41,6,47,25
1983,Chickpet,2,2,_,2,5,5,_,5,36,39,1,40,16
1983,Uppapet,6,5,1,6,13,11,2,13,49,54,1,55,23
1983,Magadiroad,7,6,1,7,15,14,1,15,56,61,4,65,26
1983,Citymarket,3,3,_,3,16,15,1,16,28,34,2,36,22
1983,N.T.Pet,2,2,_,2,4,4,_,4,36,39,3,42,13
1983,Kengerigate,7,7,_,7,21,20,1,21,45,49,3,52,18
1983,J.J.Nagar,2,2,_,2,4,4,_,4,14,19,1,20,8
1983,Malleshwaram,6,5,1,,3,3,_,3,75,65,27,92,39
1983,Sadashivnagar,3,3,_,3,2,2,_,2,38,36,13,49,18
1983,Srirampura,5,4,1,5,5,5,_,5,58,56,25,81,26
1983,Yeshwanthpura,15,12,3,15,5,5,1,6,73,71,28,99,28
1983,R.M.C.Yard,1,1,_,1,_,_,_,0,4,2,2,4,12
1983,Peenya,12,10,2,12,4,4,1,5,64,60,30,90,34
1983,S.D.Halli,1,1,_,1,2,2,_,2,6,3,4,7,3
1983,Jalahalli,_,_,_,,1,1,_,1,20,21,6,27,5
1983,G.Gudi,_,_,_,0,_,_,_,0,4,4,3,7,5
1983,Rjajinagar,9,10,1,11,2,2,_,2,85,73,35,108,30
1983,Vijaynagar,6,6,_,6,1,1,_,1,42,38,19,57,25
1983,Subramanyapura,8,8,_,8,3,3,_,3,75,67,30,97,27
1983,M.Layout,1,1,_,1,_,_,_,0,10,15,1,16,6
1983,Basveshwarnagar,_,_,_,0,_,_,_,0,_,_,_,0,_
1983,Kamakshipalya,_,_,_,0,_,_,_,0,_,_,_,0,_
1983,Rajgoplanagar,_,_,_,0,_,_,_,0,_,_,_,0,_
1983,H.Grounds,4,4,1,5,22,22,1,23,50,73,6,79,39
1983,Cubbonpark,6,6,1,7,38,39,1,40,51,98,10,108,55
1983,C.Street,3,3,_,3,20,20,1,21,37,53,6,59,34
1983,Bharathinagar,1,1,_,1,15,15,1,16,22,35,5,40,15
1983,Shivajinagar,2,2,_,2,7,7,_,7,8,12,2,14,3
1983,Sheshadripuram,9,9,_,9,17,17,2,19,22,28,3,31,34
1983,Vyalikaval,6,6,_,6,9,9,1,10,32,41,2,43,17
1983,Hebbal,10,10,_,10,6,6,_,6,45,50,1,51,19
1983,Yelahanka,13,14,1,15,8,8,_,8,57,96,2,98,13
1983,J.C.Nagar,5,5,_,5,5,4,1,5,37,45,2,47,15
1983,R.T.Nagar,_,_,_,0,_,_,_,0,_,_,_,0,_
1983,Vidhanasoudha,_,_,_,0,8,8,_,8,23,32,3,35,14
1983,Jayanagar,6,6,_,6,8,8,_,8,88,89,2,91,35
1983,J.P.Nagar,_,_,_,0,6,6,_,6,10,10,1,11,7
1983,Siddapura,2,2,_,2,3,3,_,3,17,19,2,21,8
1983,Thilaknagar,_,_,_,0,4,4,_,4,20,22,5,27,9
1983,Basavanagudi,5,3,2,5,8,7,2,9,60,80,5,85,24
1983,T.R.Nagar,_,_,_,0,_,_,_,0,_,_,_,0,_
1983,Banashankari,2,2,_,2,2,2,_,2,13,18,7,25,3
1983,Hanumanthangar,2,2,_,2,3,3,_,3,30,41,2,43,16
1983,Subramanyangar,1,1,_,1,_,_,_,0,4,4,1,5,1
1983,Ulsoorgate,9,9,_,9,8,8,2,10,49,52,3,55,28
1983,S.J.Park,5,5,_,5,6,5,2,7,20,28,2,30,23
1983,S.R.Nagar,7,7,_,7,3,3,_,3,30,35,2,37,28
1983,Wilsongarden,11,11,_,11,2,3,_,3,113,137,3,140,29
1983,Ashokngar,15,15,1,16,12,10,4,14,83,95,4,99,45
1983,Viveknagar,2,2,_,2,2,2,_,2,15,18,_,18,8
1983,Koramangala,5,5,1,6,3,2,1,3,28,35,3,38,15
1983,Audogodi,3,3,_,3,3,3,1,4,33,45,2,47,18
1983,Madivala,17,17,1,18,15,15,2,17,41,51,1,52,22
1983,Micolayout,10,10,1,11,10,10,_,10,25,28,1,29,21
1983,Frazertown,7,7,_,7,5,4,1,5,42,42,3,45,18
1983,K.G.Halli,1,1,_,1,1,1,_,1,5,5,1,6,3
1983,D.J.Halli,1,1,_,1,1,1,_,1,5,5,1,6,2
1983,Banasawadi,5,5,_,5,4,4,_,4,18,18,2,20,11
1983,Ulsoor,12,14,_,14,10,9,2,11,49,60,3,63,36
1983,Indiranagar,4,5,_,5,4,4,1,5,35,45,2,47,71
1983,Byappanahalli,5,6,_,6,4,4,1,5,30,40,1,41,20
1983,K.R.Puram,7,8,_,8,6,6,_,6,35,45,1,46,22
1983,Mahadevpura,3,3,_,3,3,3,_,3,14,14,1,15,7
1983,H.A.L,3,3,_,3,2,2,_,2,16,16,_,16,8
1983,Airport,2,2,_,2,1,1,_,1,18,18,1,19,9
1983,J.B.Nagar,_,_,_,0,_,_,_,0,10,10,_,10,5
1984,Central,13,11,2,13,27,28,3,31,56,60,4,64,40
1984,Kalasipalya,1,1,_,1,16,19,4,23,35,43,5,48,32
1984,Shankarpura,4,4,_,4,9,8,1,9,22,28,3,31,11
1984,Victoria,_,_,_,0,_,_,_,_,_,_,_,0,_
1984,Chamrajpet,13,10,3,13,33,35,3,38,51,59,7,66,26
1984,Byatarayanapura,19,22,1,23,24,25,2,27,53,70,6,76,24
1984,Kengeri,8,8,_,8,3,3,_,_3,27,31,3,34,11
1984,Janabharathi,_,_,_,0,1,_,11,_,15,_,5,5,17
1984,G.G.Halli,_,_,_,0,4,2,2,4,5,3,2,5,8
1984,Girinagar,_,_,_,0,_,_,_,_,4,3,1,4,2
1984,Chikpet,2,2,_,2,5,5,_,5,34,39,1,40,15
1984,Upparpet,7,6,1,7,18,16,2,16,94,108,2,110,45
1984,Citymarket,1,1,_,1,7,7,_,7,25,31,6,37,12
1984,N.T.Pet,3,2,1,3,6,5,1,5,18,19,_,19,9
1984,Kengerigate,7,7,_,7,18,18,_,18,21,36,_,36,21
1984,Magadiroad,11,9,1,10,13,12,1,12,30,43,21,64,74
1984,J.J.Nagar,2,2,-,2,5,5,_,5,21,22,15,37,43
1984,Malleshwaram,7,6,1,7,2,2,_,2,68,65,15,80,26
1984,Sadashivnagar,2,2,_,2,1,1,_,1,35,10,12,22,14
1984,Srirampura,9,8,_,8,2,2,_,2,51,59,8,67,12
1984,Yeshwanthpura,22,10,1,11,3,1,3,1,130,30,68,98,168
1984,RMC.Yard,_,_,3,3,_,_,_,_,4,5,_,5,8
1984,Peenya,14,13,2,15,1,1,_,1,51,70,25,95,35
1984,S.D.Halli,1,1,_,1,_,_,_,_,1,1,_,1,_
1984,Jalahalli,2,2,_,2,_,_,_,0,12,15,3,18,8
1984,G.Gudi,3,3,_,3,_,_,_,0,31,45,10,55,1
1984,Rajajinagar,11,10,1,11,4,3,1,4,106,115,12,127,39
1984,Vijayanagar,12,9,3,12,3,3,_,3,72,88,8,96,22
1984,Subramanyapura,10,8,2,10,4,4,_,4,52,57,10,67,25
1984,M.Layout,2,1,1,2,1,1,_,1,11,11,2,13,8
1984,Basveshwarnagar,_,_,_,0,_,_,_,0,_,_,_,0,_
1984,Kamakshipalya,_,_,_,0,_,_,_,0,_,_,_,0,_
1984,Rajgopalnagar,_,_,_,0,_,_,_,0,_,_,_,0,_
1984,H.Grounds,13,13,_,13,26,25,2,27,77,87,10,97,53
1984,Cubbonpark,2,2,_,2,25,24,2,26,55,65,7,72,77
1984,C.Street,5,5,_,5,20,23,2,25,38,40,2,42,32
1984,Bharathinagar,5,5,_,5,15,16,_,16,21,25,2,27,18
1984,Shivajinagar,1,1,_,1,10,11,_,11,15,17,1,18,10
1984,Sheshadripuram,7,7,1,8,18,16,2,18,56,80,4,84,17
1984,Vyalikaval,4,4,_,4,15,13,1,14,43,65,3,68,18
1984,Hebbal,6,6,_,6,10,10,_,10,30,35,2,37,19
1984,Yelahanka,9,9,_,9,11,9,1,10,39,48,2,50,11
1984,J.C.Nagar,3,3,_,3,10,9,1,10,22,30,2,32,11
1984,R.T.Nagar,_,_,_,0,_,_,_,0,_,_,_,0,_
1984,Vidhanasoudha,3,3,_,3,9,9,_,9,25,28,_,28,11
1984,Jayanagar,5,6,_,6,17,17,_,17,91,95,13,108,21
1984,J.P.Nagar,2,2,_,2,1,1,_,1,8,8,4,12,6
1984,Siddapura,_,_,_,0,3,3,_,3,22,23,2,25,13
1984,Thilaknagar,4,4,_,4,15,14,1,15,10,11,_,11,5
1984,Basavanagudi,7,8,_,8,9,9,_,9,49,52,3,55,29
1984,T.R.Nagar,_,_,_,0,_,_,_,0,_,_,_,0,_
1984,Banashankari,4,4,_,4,4,4,_,4,27,28,8,36,7
1984,Hanumanthanagar,4,4,_,4,6,5,1,6,21,25,5,30,10
1984,Subramanyapura,2,2,_,2,2,2,_,2,6,6,2,8,1
1984,Ulsoorgate,6,6,_,6,17,15,2,17,70,72,8,80,28
1984,S.J.Park,2,2,_,2,6,6,_,6,50,53,8,61,27
1984,S.R.Nagar,10,12,_,12,16,15,1,16,37,39,17,56,26
1984,Wilsongarden,14,15,_,15,18,17,4,21,68,75,12,87,47
1984,Ashoknagar,12,12,1,13,25,23,2,25,88,98,3,101,75
1984,Viveknagar,2,2,_,2,2,2,_,2,11,11,_,11,7
1984,Koramanagala,7,7,1,8,6,6,_,6,21,39,1,40,19
1984,Audogodi,3,3,_,3,6,6,_,6,25,40,1,41,20
1984,Madivala,10,10,1,11,13,13,1,14,29,31,3,34,28
1984,Mico Lay Out,8,8,_,8,10,10,_,10,22,31,25,56,65
1984,Frazertown,9,9,1,10,10,7,3,10,71,80,3,83,22
1984,K.G.Halli,4,4,1,5,3,3,_,3,10,15,1,16,5
1984,D.G.Halli,1,1,_,1,3,3,_,3,5,5,1,6,3
1984,Banasavadi,3,3,_,3,4,4,_,4,15,15,1,16,14
1984,Ulsoor,14,14,_,14,14,10,4,14,60,68,3,71,40
1984,Indiaranagar,8,8,_,8,8,8,_,8,50,50,1,51,30
1984,Byappanahalli,9,9,_,9,9,9,_,9,30,30,1,31,18
1984,K.R.Puram,8,8,_,8,8,8,_,8,25,25,1,26,22
1984,Mahadevapura,4,4,_,4,4,4,_,4,12,12,1,13,10
1984,H.A.L,1,1,_,1,1,1,_,1,20,20,_,20,14
1984,Airport,_,_,_,0,7,7,_,7,14,14,_,14,12
1984,J.B.Nagar,_,_,_,0,4,4,_,4,8,8,_,8,5
1985,Central,10,9,1,10,21,21,2,23,30,40,2,42,21
1985,Kalasipalya,13,12,1,13,33,33,3,36,56,67,3,70,40
1985,Shanakarpura,_,_,_,0,10,10,_,10,10,18,1,19,4
1985,Victoria,_,_,_,0,3,3,_,3,6,3,_,3,2
1985,Chamrajpet,15,12,3,15,27,27,3,30,29,39,2,41,13
1985,Gavipuram,_,_,_,0,6,6,_,6,21,29,2,31,12
1985,Girinagar,_,_,_,0,3,3,_,3,14,19,_,19,9
1985,Byatarayanapura,14,14,2,16,21,25,1,26,30,45,4,49,11
1985,Janabharathi,1,1,_,1,5,5,_,5,12,12,_,12,3
1985,Kengeri,5,4,1,5,9,9,_,9,18,23,1,24,14
1985,Jayanagar,18,18,_,18,14,13,1,14,72,75,2,77,17
1985,J.P.Nagar,3,4,_,4,_,_,_,0,14,15,4,19,2
1985,Siddapura,2,2,_,2,10,11,_,11,24,28,4,32,17
1985,Thilaknagar,1,1,_,1,2,2,_,2,19,19,7,26,7
1985,Basavanagudi,9,9,_,9,13,12,1,13,55,58,2,60,24
1985,T.R.Nagar,_,_,_,0,_,_,_,0,_,_,_,0,_
1985,Banashanakari,8,9,_,9,6,6,_,6,14,15,8,23,9
1985,Hanumanthanagara,2,2,_,2,6,6,_,6,14,18,4,22,11
1985,Subramanyapura,2,2,_,2,_,_,_,0,11,15,8,23,5
1985,Ulsoorgate,6,6,_,6,_,_,_,0,93,102,2,104,43
1985,S.J.Park,6,6,_,6,6,6,1,7,58,60,8,68,27
1985,S.R.Nagar,4,5,_,5,1,1,_,1,51,61,6,67,36
1985,Wilsongarden,7,9,_,9,5,4,1,5,78,109,13,122,42
1985,Chikpet,3,3,_,,6,6,_,6,19,23,1,24,18
1985,Jalahalli,8,8,_,8,7,7,_,7,22,35,1,36,21
1985,Citymarket,7,5,_,5,9,8,1,9,31,48,_,48,22
1985,N.T.Pet,4,4,_,4,7,7,_,7,25,39,2,41,20
1985,Magadiroad,9,9,1,10,18,16,2,18,61,84,1,85,25
1985,Kengerigate,10,10,2,12,8,8,_,8,40,53,2,55,16
1985,J.J.Nagar,_,_,_,0,6,6,_,6,18,31,1,32,17
1985,Malleshwaram,4,3,1,4,9,9,1,10,71,82,10,92,39
1985,Sadashivnagar,6,5,1,6,6,6,1,7,44,45,8,53,12
1985,Srirampura,4,4,_,4,3,3,_,3,60,57,10,67,23
1985,Yeshwanthpura,13,13,1,14,6,6,_,6,77,87,24,111,61
1985,R.M.C.Yard,2,2,_,2,_,_,_,0,5,5,2,7,4
1985,S.D.Halli,2,2,_,2,_,_,_,0,4,4,2,6,_
1985,Peenya,7,6,1,7,1,1,_,1,45,48,8,56,24
1985,Jalahalli,2,2,1,3,2,2,_,2,20,20,5,25,12
1985,G.Gudi,3,3,_,3,_,_,_,0,10,13,4,17,2
1985,Rajajinagar,8,8,1,9,8,8,_,8,63,70,17,87,35
1985,Vijayanagar,9,9,1,10,2,2,_,2,65,75,10,85,34
1985,Subramanyapura,11,11,1,12,5,5,_,5,57,63,8,71,25
1985,M.Layout,3,3,_,3,1,1,_,1,17,25,6,31,3
1985,Basveshwarnagar,3,3,_,3,1,1,_,1,26,27,1,28,5
1985,Kamakshipalya,_,_,_,0,_,_,_,0,_,_,_,0,_
1985,Rajgopalnagar,_,_,_,0,_,_,_,0,_,_,_,0,_
1985,Ashoknagar,11,10,1,11,18,15,3,18,108,136,3,139,83
1985,Viveknagar,2,2,_,2,3,3,_,3,11,11,_,11,5
1985,Koramanagla,5,5,6,11,6,6,1,7,21,31,2,33,10
1985,Audogodi,4,4,_,4,8,8,_,8,22,42,2,44,18
1985,Madivala,10,10,_,10,15,12,2,14,28,38,2,40,16
1985,Mico Layout,9,9,_,9,10,10,1,11,28,38,2,40,21
1985,Frazertown,7,7,_,7,12,11,1,12,44,54,3,57,14
1985,K.G.Halli,1,1,_,1,2,2,1,3,12,12,2,14,2
1985,D.J.Halli,1,1,_,1,1,1,_,1,15,15,1,16,2
1985,Banasavadi,2,2,_,2,10,10,1,11,25,25,2,27,11
1985,Ulsoor,16,16,1,17,15,15,2,17,74,90,3,93,37
1985,Indiranagar,6,6,_,6,9,9,1,10,50,51,2,53,20
1985,Byappanahalli,4,4,_,4,6,6,1,7,24,24,1,25,15
1985,K.R.Puram,8,8,_,8,9,9,1,10,25,25,1,26,12
1985,Mahadevpura,3,3,_,3,4,4,_,4,8,17,1,18,6
1985,H.A.L,2,2,_,2,3,3,_,3,10,20,1,21,7
1985,Airport,4,4,_,4,10,5,1,6,12,22,1,23,9
1985,J.B.Nagar,1,1,_,1,4,4,_,4,8,18,1,19,8
1985,H.Grounds,12,10,2,12,5,5,1,6,84,67,17,84,35
1985,Cubbonpark,7,5,2,7,6,5,1,6,78,63,15,78,81
1985,C.Street,7,6,1,7,5,4,2,6,63,75,2,77,29
1985,Bharthinagar,1,1,_,1,4,4,1,5,24,30,1,31,8
1985,Shivajinagar,3,3,_,3,1,1,_,1,20,25,1,26,4
1985,Sheshadripuram,6,4,2,6,6,4,2,6,52,73,18,91,25
1985,Vyalikaval,7,5,2,7,3,2,1,3,49,63,11,74,20
1985,Hebbal,9,8,1,9,2,1,1,2,36,42,9,51,16
1985,Yelahanka,10,9,1,10,4,4,1,5,57,42,9,51,18
1985,J.C.Nagar,2,1,1,2,3,2,1,3,43,60,10,70,19
1985,R.T.Nagar,_,_,_,,_,_,_,0,_,_,_,,_
1985,Vidhanasoudha,1,1,_,1,3,2,1,3,29,26,8,34,9
1986,Chickpet,3,3,_,3,9,9,_,9,28,31,_,31,14
1986,Upparpet,6,6,_,6,12,11,1,12,48,51,2,53,22
1986,Citymarket,_,_,_,0,5,5,_,5,21,23,_,23,10
1986,N.T.Pet,1,1,_,1,3,3,_,3,12,15,_,15,7
1986,Magadiraod,7,7,1,8,20,19,1,20,75,84,3,87,25
1986,Kengerigate,5,5,_,5,14,14,_,14,49,53,2,55,21
1986,J.J.Nagar,_,_,_,0,4,4,_,4,37,46,1,47,17
1986,Ashoknagar,9,10,1,11,15,15,1,16,128,143,3,146,106
1986,Viveknagar,1,1,_,1,2,2,_,2,10,10,_,10,3
1986,Koramangala,5,6,_,6,5,5,_,5,21,21,1,22,17
1986,Audogodi,6,7,_,7,3,3,_,3,42,42,1,43,19
1986,Madivala,9,10,1,11,10,10,1,11,35,35,1,36,31
1986,Micolayout,8,8,_,8,10,10,1,11,28,33,_,33,21
1986,Frazertown,7,7,_,7,5,5,_,5,34,38,5,43,14
1986,K.G.Halli,1,1,_,1,1,1,_,1,10,10,1,11,5
1986,D.J.Halli,1,1,_,1,1,1,_,1,8,8,1,9,5
1986,Banasavadi,3,3,_,3,3,3,_,3,22,22,3,25,10
1986,Ulsoor,13,12,1,13,9,9,1,10,66,71,2,73,20
1986,Indiranagar,6,6,_,6,4,4,1,5,65,66,1,67,19
1986,Byappanahalli,4,4,_,4,4,4,_,4,24,24,1,25,12
1986,K.R.Puram,8,8,_,8,5,5,1,6,23,23,1,24,15
1986,Mahadevapura,4,4,_,4,4,4,_,4,17,17,1,18,6
1986,H.A.L,5,5,_,5,3,3,_,3,25,25,_,25,8
1986,Airport,4,4,_,4,4,4,_,4,32,32,1,33,14
1986,T.J.Nagar,2,2,_,2,2,2,_,2,18,18,_,18,12
1986,Jayanagar,70,10,_,10,12,12,1,13,51,60,5,65,17
1986,J.P.Nagar,1,1,_,1,1,1,_,1,6,6,3,9,8
1986,Siddapura,3,3,_,3,8,8,_,8,30,32,8,40,15
1986,Thilankanagar,3,3,_,3,15,14,1,15,23,30,5,35,5
1986,Basavanagudi,10,11,_,11,12,12,1,13,57,65,3,68,23
1986,T.R.Nagar,_,_,_,0,1,1,_,1,8,8,2,10,4
1986,Banashankari,6,6,_,6,5,5,_,5,42,55,4,59,14
1986,Hanumanthnagar,1,1,_,1,2,2,_,2,22,35,9,44,8
1986,Subramanyapura,5,5,_,5,1,1,_,1,10,15,8,23,5
1986,Ulsoorgate,11,11,1,12,17,16,1,17,87,102,10,112,40
1986,S.J.Park,5,5,_,5,11,11,_,11,71,83,5,88,48
1986,S.R.Nagar,8,8,_,8,12,12,_,12,36,40,5,45,26
1986,Wilsongarden,15,16,_,16,24,21,4,25,134,212,10,222,59
1986,H.Grounds,8,6,2,8,5,5,1,6,99,102,18,120,49
1986,Cubbonpark,8,7,1,8,5,4,2,6,92,98,12,110,62
1986,C.street,4,3,1,4,8,5,5,10,57,86,9,95,20
1986,Bharathinagar,7,6,1,7,7,8,2,10,35,51,8,59,10
1986,Shivajinagar,_,_,_,0,4,3,1,4,15,20,3,23,18
1986,Sheshadripuram,12,11,2,13,2,2,1,3,84,87,9,96,10
1986,Vyalikaval,7,6,1,7,3,3,1,4,54,57,6,63,17
1986,Hebbal,9,9,_,9,1,1,_,1,33,36,5,41,19
1986,Yelahanka,10,9,1,10,1,1,_,1,25,28,4,32,10
1986,J.C.Nagar,3,2,1,3,2,2,_,2,32,34,4,38,10
1986,R.T.Nagar,7,7,_,7,2,2,1,3,17,18,2,20,14
1986,Vidhansoudha,2,1,1,2,3,2,1,3,33,25,10,35,12
1986,Malleshwaram,7,6,1,7,10,10,_,10,77,72,18,90,39
1986,Sadashivnagar,2,2,_,2,2,2,_,2,31,34,10,44,30
1986,Srirampura,4,4,_,4,5,5,_,5,67,62,17,79,16
1986,Yeshawanthpura,23,20,4,24,9,9,_,9,80,128,22,150,54
1986,RMC.Yard,1,1,_,1,_,_,_,0,2,2,1,3,7
1986,Peenya,7,6,1,7,2,2,_,2,67,103,12,115,28
1986,S.D.Halli,1,1,_,1,_,_,_,0,3,3,_,3,3
1986,Jalahalli,_,_,_,0,3,3,_,3,36,52,10,62,8
1986,G.Gudi,2,2,_,2,1,_,_,0,8,9,3,12,1
1986,Rajajinagar,3,3,_,3,8,8,1,9,54,54,19,73,17
1986,Jayanagar,7,6,1,7,5,5,1,6,66,76,10,86,18
1986,Subramanyanagar,11,9,2,11,7,7,1,8,75,86,25,111,27
1986,M.Layout,3,3,_,3,1,1,_,1,14,19,6,25,8
1986,Basveshwarnagar,2,2,_,2,2,2,_,2,27,38,5,43,8
1986,Kamakshipalya,1,1,_,1,1,1,_,1,15,14,3,17,3
1986,Rajgopalnagar,_,_,_,0,1,1,_,1,1,1,_,1,_
1986,Central,1,1,_,1,16,18,2,20,35,40,2,42,19
1986,Kalasipalya,13,11,2,13,27,29,3,32,56,61,3,64,45
1986,Shankarpura,4,4,1,5,9,9,1,10,12,12,2,14,10
1986,Victoria,_,_,_,0,_,_,_,0,3,3,_,3,1
1986,Chamrajpet,5,2,3,5,12,12,2,14,41,46,4,50,20
1986,G.G.Halli,1,1,_,1,6,6,1,7,19,24,_,24,7
1986,Byatarayanapura,8,5,3,8,15,17,2,19,51,56,6,62,22
1986,Janbharathi,2,2,_,2,4,4,_,4,5,10,_,10,2
1986,Kengeri,1,1,_,1,12,12,_,12,17,22,3,25,10
1986,Girinagar,2,1,1,2,5,5,_,5,7,7,1,8,3
1987,Central,5,5,_,5,14,16,5,21,38,47,7,54,46
1987,Kalasipalya,20,18,2,20,27,29,4,33,54,54,5,59,17
1987,Shanakarpura,2,1,1,2,1,1,_,1,19,29,6,35,14
1987,Victoria,_,_,_,_,1,3,_,3,_,_,_,0,_
1987,Chamrajpet,5,4,1,5,38,40,3,43,50,63,3,66,26
1987,Byatarayanapura,12,11,2,13,11,12,2,14,46,66,2,68,25
1987,Kengeri,6,5,1,6,15,15,1,16,20,30,4,34,18
1987,Janabharathi,4,4,_,4,_,_,_,0,2,2,_,2,2
1987,G.G.Halli,_,_,_,0,_,_,_,0,8,8,_,8,1
1987,Girinagar,_,_,_,0,1,1,_,1,2,2,_,2,5
1987,Chickpet,1,1,_,1,2,2,_,2,16,17,_,17,18
1987,Upparpet,7,6,1,7,24,23,1,24,62,63,3,66,23
1987,Citymarket,2,2,_,2,3,3,_,3,17,21,_,21,5
1987,N.T.Pet,2,2,_,2,7,7,_,7,41,44,1,45,20
1987,Magadiroad,7,7,1,8,23,21,2,23,66,71,6,77,28
1987,Kengerigate,11,10,1,11,18,18,_,18,60,58,4,62,22
1987,J.J.Nagar,1,1,_,1,1,1,_,1,25,42,1,43,7
1987,Malleshwaram,8,7,1,8,10,10,1,11,73,80,8,88,39
1987,Sadashivnagar,3,3,_,3,1,1,_,1,34,42,2,44,29
1987,Srirampura,5,4,1,5,9,9,_,9,54,62,5,67,19
1987,Yeshwanthapura,17,17,1,18,20,20,2,22,92,128,4,132,49
1987,RMC.Yard,2,2,_,2,_,_,_,0,3,4,_,4,3
1987,Peenya,9,8,1,9,10,10,_,10,49,62,3,65,25
1987,S.D.Halli,2,2,_,2,5,5,_,5,3,4,1,5,_
1987,Jalahalli,5,4,1,5,1,1,_,1,20,25,2,27,8
1987,G.Gudi,1,1,_,1,1,1,_,1,8,10,2,12,2
1987,Rajajinagar,6,6,_,6,10,10,2,12,58,68,8,76,19
1987,Vijayanagar,8,8,1,9,11,11,1,12,68,74,9,83,24
1987,Subramanyanagar,6,6,_,6,7,7,1,8,58,69,12,81,20
1987,M.Layout,1,1,_,1,2,2,_,2,13,15,2,17,10
1987,Basweshwarnagar,_,_,_,0,8,8,2,10,34,44,6,50,18
1987,Kamakshipalya,9,9,_,9,2,2,_,2,22,24,_,24,19
1987,Rajgoplanagar,1,1,1,2,1,1,_,1,8,10,_,10,2
1987,H.Grounds,14,12,2,14,20,12,8,20,84,118,20,138,83
1987,Cubbonpark,5,4,1,5,13,19,6,25,70,85,15,100,74
1987,C.Street,9,8,1,9,10,10,2,12,45,65,10,75,31
1987,Bharathinagar,3,2,_,2,6,6,_,6,6,18,3,21,5
1987,Sheshadripuram,11,10,2,12,11,7,5,12,107,156,10,166,19
1987,Vyalikaval,7,7,2,9,10,6,4,10,43,50,6,56,18
1987,Hebbal,8,8,1,9,6,_,6,6,18,12,9,21,18
1987,Yelahanka,7,6,2,8,8,3,5,8,21,18,7,25,14
1987,J.C.Nagar,6,6,1,7,7,3,4,7,33,40,5,45,10
1987,R.T.Nagar,6,6,1,7,9,6,3,9,20,20,3,23,18
1987,Vidhana soudha,1,1,_,1,8,8,_,8,25,27,2,29,16
1987,Basavanagudi,3,3,_,3,8,8,_,8,29,32,6,38,12
1987,T.R.Nagar,1,1,_,1,9,9,_,9,27,29,4,33,8
1987,Hanumanthnagar,4,4,_,4,10,10,1,11,26,28,2,30,9
1987,Banashankari,2,2,_,2,9,8,1,9,34,36,2,38,18
1987,Subramanyapura,2,2,_,2,8,8,_,8,28,30,1,31,15
1987,Jayanagar,4,4,_,4,10,10,_,10,50,55,7,62,16
1987,J.P.Nagar,5,5,_,5,8,8,_,8,20,23,2,25,13
1987,Siddapura,3,3,_,3,5,5,_,5,45,56,8,64,14
1987,Thilaknagar,4,4,_,4,5,5,_,5,47,57,6,63,12
1987,Ulsoorgate,6,6,_,6,18,15,3,18,99,107,9,116,40
1987,S.R.Nagar,3,3,_,3,7,7,_,7,45,50,6,56,25
1987,S.J.P.Road,2,2,1,3,10,10,_,10,39,44,7,51,38
1987,Wilsongarden,12,12,_,12,20,18,2,20,113,123,11,134,50
1987,Ashoknagar,15,15,_,15,14,14,2,16,143,157,12,169,113
1987,Viveknagar,3,3,_,3,5,5,_,5,11,10,2,12,5
1987,Koramanagla,5,5,_,5,5,5,_,5,38,45,7,52,24
1987,Audogodi,6,6,_,6,6,6,_,6,38,45,4,49,20
1987,Madivala,12,12,_,12,12,12,1,13,62,67,6,73,25
1987,Mico Layout,10,10,_,10,10,10,1,11,51,56,1,57,18
1987,Frazertown,5,4,1,5,12,10,2,12,61,90,7,97,22
1987,K.G.Halli,1,1,_,1,1,1,1,2,11,11,1,12,5
1987,D.J.Halli,1,1,_,1,_,_,_,0,9,9,2,11,3
1987,Banasavadi,3,3,_,3,7,7,1,8,20,30,4,34,12
1987,Ulsoor,12,12,1,13,10,12,2,14,76,86,6,92,36
1987,Indiranagar,5,5,_,5,4,4,_,4,70,80,5,85,30
1987,Byappanahalli,4,4,_,4,4,4,_,4,24,24,3,27,13
1987,K.R.Puram,8,8,_,8,7,7,1,8,23,23,2,25,14
1987,Mahadevapura,4,4,_,4,4,4,_,4,17,17,1,18,9
1987,H.A.L,5,5,_,5,5,5,_,5,25,27,1,28,11
1987,Airport,4,4,_,4,4,4,_,4,32,37,1,38,12
1987,J.B.Nagar,2,2,_,2,2,2,_,2,18,18,1,19,10
1988,Chickpet,1,1,_,1,2,2,_,2,13,14,4,18,1
1988,Upparpet,15,14,1,15,25,21,4,25,100,102,3,105,28
1988,Market,2,2,_,2,2,2,_,2,26,26,2,28,5
1988,N.T.Pet,2,2,_,2,14,14,_,14,37,38,8,46,30
1988,Magadiraod,10,10,_,10,15,14,1,15,61,49,30,79,22
1988,Kengerigate,11,11,1,12,13,13,_,13,59,66,4,70,36
1988,J.J.Nagar,_,_,_,0,4,4,_,4,19,26,2,28,5
1988,Central,3,2,1,3,9,8,1,9,32,28,16,44,25
1988,Kalasipalya,20,18,2,20,20,18,2,20,70,45,30,75,47
1988,Shankarpura,1,1,_,1,6,3,3,6,33,26,25,51,19
1988,V.H,1,1,_,1,2,1,1,2,3,2,2,4,_
1988,Chamrajpet,11,12,1,13,41,24,5,29,69,95,12,107,34
1988,Byatarayanapur,14,11,3,14,25,15,1,16,63,187,30,217,36
1988,G.G.Halli,_,_,_,0,_,_,_,0,9,7,2,9,2
1988,Janabharathi,1,1,_,1,_,_,_,0,2,2,_,2,2
1988,Kengeri,5,7,1,8,10,10,2,12,6,5,1,6,7
1988,J.C.Nagar,_,_,_,0,1,1,_,1,3,3,_,3,4
1988,Jayanagar,7,6,1,7,48,46,3,49,109,120,5,125,35
1988,J.P.Nagar,4,4,_,4,10,10,_,10,27,28,2,30,8
1988,Siddapura,2,2,_,2,14,14,_,14,33,34,3,37,14
1988,Thilaknagar,4,4,_,4,16,14,2,16,65,72,3,75,9
1988,Basavanagudi,9,8,1,9,12,11,1,12,54,60,2,62,39
1988,T.R.Nagar,1,1,_,1,4,4,_,4,7,8,2,10,1
1988,Banashankari,7,6,1,7,11,10,1,11,30,32,3,35,25
1988,Hanumanthnagar,4,4,_,4,16,15,1,16,26,28,1,29,8
1988,Subramanyapura,2,2,_,2,6,6,_,6,8,9,1,10,3
1988,Ulsoorgate,7,6,1,7,24,23,1,24,51,53,5,58,43
1988,S.J.Park,4,4,_,4,13,13,_,13,61,65,3,68,32
1988,S.R.Nagar,8,6,2,8,5,5,_,5,38,42,17,59,29
1988,Wilsongarden,15,12,4,16,27,16,16,32,80,129,30,159,53
1988,Malleshwaram,8,7,1,8,27,28,2,30,48,55,15,70,35
1988,Sadashivnagar,5,5,_,5,21,22,_,22,30,30,10,40,30
1988,Srirampur,5,3,2,5,13,10,3,13,34,42,5,47,17
1988,Yeshwanthpur,15,12,3,15,31,30,5,35,98,148,8,156,68
1988,RMC.Yard,1,1,_,1,3,3,_,3,1,1,_,1,3
1988,Peenya,13,12,2,14,10,9,4,13,38,68,7,75,30
1988,S.D.Halli,1,1,_,1,_,_,_,0,4,4,_,4,1
1988,Jalahalli,3,3,_,3,8,7,1,8,32,52,8,60,5
1988,G.Gudi,3,3,_,3,4,4,_,4,17,24,2,26,6
1988,Rajajinagar,7,5,2,7,15,14,2,16,56,66,8,74,29
1988,Vijayanagar,6,5,2,7,19,16,3,19,52,67,6,73,29
1988,Subramanyanagar,6,6,1,7,24,20,4,24,69,78,10,88,31
1988,M.Layout,_,_,_,0,4,4,_,4,22,23,6,29,13
1988,Basaveshwarnagar,8,8,2,10,8,8,_,8,27,27,8,35,26
1988,Kamakshipalya,5,5,1,6,9,8,1,9,20,20,3,23,14
1988,Rajgopalnagar,_,_,_,0,2,2,_,2,2,3,_,3,3
1988,H.Grounds,16,12,4,16,39,38,4,42,88,113,12,125,90
1988,Cubbonpark,11,10,1,11,30,26,4,30,56,72,8,80,74
1988,C.Street,3,2,1,3,32,31,2,33,23,30,6,36,29
1988,Bharathinagar,3,2,1,3,21,20,1,21,35,46,4,50,16
1988,Shivajinagar,_,_,_,0,1,1,_,1,10,9,2,11,3
1988,Sheshadripuram,10,9,2,11,25,21,6,27,33,38,5,43,17
1988,Vyalikaval,7,5,2,7,13,10,5,15,34,39,7,46,28
1988,Hebbal,8,7,2,9,12,12,2,14,38,42,6,48,20
1988,Yelahanka,9,9,2,11,10,9,3,12,39,51,7,58,15
1988,J.C.Nagar,6,6,1,7,5,5,1,6,20,28,2,30,19
1988,R.T.Nagar,5,5,1,6,6,5,2,7,24,31,3,34,17
1988,Vidhanasoudha,1,1,_,1,8,7,1,8,13,19,2,21,25
1988,Ashoknagar,16,17,2,19,28,28,1,29,145,160,8,168,105
1988,Viveknagar,1,1,_,1,3,3,_,3,15,15,1,16,8
1988,Koramangala,8,8,_,8,12,12,_,12,40,60,4,64,25
1988,Audogodi,5,5,_,5,8,8,_,8,38,58,3,61,29
1988,Madivala,10,9,1,10,27,27,2,29,41,41,6,47,30
1988,Micolayout,10,8,2,10,22,22,1,23,35,37,6,43,22
1988,Frazertown,14,14,2,16,18,18,1,19,57,57,6,63,23
1988,K.G.Halli,2,2,_,2,1,1,_,1,10,10,2,12,3
1988,D.J.Halli,1,2,_,2,1,1,_,1,7,7,1,8,4
1988,Bansasvadi,5,5,1,6,2,2,_,2,15,15,6,21,16
1988,Ulsoor,16,16,2,18,30,30,_,30,35,60,8,68,30
1988,Indiranagar,10,10,_,10,27,27,1,28,29,52,4,56,21
1988,K.R.Nagar,15,14,2,16,8,9,_,9,27,35,2,37,20
1988,Mahadevpura,8,8,_,8,21,21,_,21,15,15,1,16,20
1988,H.A.L,2,2,_,2,12,12,_,12,22,22,1,23,15
1988,Airport,4,4,_,4,10,10,_,10,15,15,1,16,12
1988,J.B.Nagar,2,2,_,2,3,3,_,3,8,8,_,8,10
1989,Chickpet,1,1,_,1,5,5,_,5,28,26,5,31,8
1989,Upparpet,7,5,2,7,8,7,1,8,72,79,10,89,25
1989,Citymarket,1,1,_,1,3,3,_,3,21,22,2,24,11
1989,N.T.Pet,5,5,_,5,7,6,1,7,46,49,7,56,19
1989,Magadiraod,8,8,_,8,13,12,1,13,45,47,6,53,29
1989,Kengerigate,10,11,1,12,15,14,1,15,52,54,8,62,38
1989,J.J.Nagar,3,3,_,3,6,6,_,6,19,21,3,24,8
1989,Ulsoorgate,2,1,1,2,22,21,1,22,70,95,16,111,49
1989,S.R.Nagar,5,3,2,5,14,14,_,14,47,57,5,62,32
1989,S.J.Park,2,2,_,2,15,15,_,15,41,55,7,62,35
1989,Wilsongarden,15,10,5,15,27,27,_,27,77,85,10,95,48
1989,Siddapura,5,5,_,5,6,6,_,6,30,31,5,36,16
1989,Thilaknagar,5,5,_,5,8,8,_,8,46,55,2,57,22
1989,Jayanagar,7,5,2,7,28,28,_,28,78,85,2,87,51
1989,J.P.Nagar,3,3,_,3,10,10,_,10,24,28,3,31,15
1989,Basavangudi,4,3,1,4,25,25,1,26,81,90,10,100,42
1989,Banashankari,11,8,3,11,27,27,_,27,62,70,7,77,23
1989,Hanumanthnagar,3,2,1,3,13,13,_,13,31,35,4,39,15
1989,T.R.Nagar,1,1,_,1,6,4,_,4,13,16,2,18,4
1989,Subramanyapura,8,8,_,8,6,6,_,6,9,12,1,13,15
1989,Central,4,3,1,4,29,22,7,29,44,54,6,60,29
1989,Kalasipalya,14,12,2,14,21,13,8,21,93,103,15,118,52
1989,Shankarpura,1,1,_,1,6,5,1,6,18,28,3,31,14
1989,V.H,_,_,_,0,1,1,_,1,5,11,_,11,1
1989,Byataryanapura,16,15,2,17,28,24,8,32,77,95,15,110,30
1989,Chamrajpet,10,8,2,10,23,15,8,23,56,73,8,81,31
1989,G.G.Halli,2,2,_,2,2,2,_,2,10,20,8,28,1
1989,Janabharathi,_,_,_,0,2,1,1,2,3,7,_,7,3
1989,Kengeri,7,6,1,7,6,4,2,6,21,31,5,36,20
1989,Girinagar,1,1,_,1,1,1,_,1,12,22,3,25,1
1989,Malleshwaram,8,8,_,8,17,11,6,17,62,63,18,81,30
1989,Sadashivnagar,1,1,_,1,11,10,1,11,49,52,15,67,33
1989,Srirampura,8,8,1,9,11,10,1,11,43,38,12,50,24
1989,Yeshwanthapura,22,20,2,22,48,46,3,49,90,100,8,108,87
1989,R.M.C.Yard,_,_,_,0,_,_,_,0,1,1,_,1,8
1989,Peenya,11,12,1,13,18,18,2,20,41,51,7,58,22
1989,S.G.Halli,1,1,_,1,2,2,_,2,5,7,2,9,_
1989,Jalahalli,6,5,1,6,14,15,_,15,43,65,6,71,10
1989,G.Gudi,3,3,_,3,4,4,_,4,14,19,3,22,2
1989,Rajajinagar,8,6,2,8,22,20,3,23,59,66,15,81,39
1989,Vijayanagar,11,9,3,12,14,13,1,14,66,76,16,92,38
1989,Subramanyanagar,6,5,1,6,27,25,2,27,58,68,10,78,33
1989,M.Layout,3,2,1,3,6,6,_,6,12,12,3,15,10
1989,Basveshwarnagar,2,2,_,2,16,14,2,16,49,59,10,69,25
1989,Kamakshiplaya,6,7,1,8,12,11,1,12,31,31,4,35,18
1989,Rajgopalnagar,1,1,_,1,_,_,_,0,3,3,_,3,2
1989,Ashoknagar,16,16,2,18,42,42,3,45,138,191,35,226,132
1989,Viveknagar,3,3,1,4,3,3,1,4,15,19,3,22,5
1989,Koramanagla,8,8,1,9,10,10,1,11,25,41,12,53,29
1989,Audogodi,6,6,1,7,10,10,3,13,35,47,13,60,20
1989,Madivala,14,14,1,15,15,15,5,20,49,59,15,74,23
1989,Mico-Layout,9,9,1,10,15,15,2,17,45,60,10,70,20
1989,Frazertown,8,7,1,8,10,10,1,11,58,58,5,63,33
1989,K.G.Halli,2,2,_,2,4,4,1,5,15,12,3,15,5
1989,D.J.Halli,2,2,_,2,3,3,1,4,10,15,2,17,3
1989,Banasavadi,3,3,_,3,8,8,_,8,27,27,3,30,12
1989,Ulsoor,18,15,3,18,30,30,4,34,75,75,25,100,66
1989,Indiranagar,6,6,1,7,22,22,1,23,51,50,25,75,45
1989,Byappanahalli,9,9,1,10,12,12,3,15,30,40,10,50,25
1989,K.R.Pura,10,8,2,10,16,16,2,18,47,59,15,74,25
1989,Mahadevpur,10,8,2,10,3,3,1,4,35,39,10,49,8
1989,H.A.L,3,3,_,3,5,5,_,5,21,35,5,40,3
1989,Airport,5,5,1,6,8,8,1,9,31,45,5,50,5
1989,J.B.Nagar,3,3,_,3,3,3,_,3,37,49,5,54,2
1989,H.Grounds,12,8,4,12,25,20,10,30,85,119,16,135,95
1989,Cubbonpark,9,7,2,9,34,28,9,37,49,53,15,68,61
1989,C.Street,12,6,6,12,25,19,6,25,43,65,11,76,30
1989,Bharathinagar,6,5,1,6,10,8,4,12,52,115,10,125,22
1989,Shivajinagar,2,2,_,2,4,2,2,4,22,30,7,37,5
1989,Sheshadripuram,10,9,1,10,25,39,4,43,65,65,20,85,42
1989,Vyalikaval,10,9,1,10,21,20,3,23,45,65,13,78,34
1989,Hebbal,8,7,1,8,10,10,2,12,47,72,5,77,22
1989,Yelahanka,10,16,1,17,15,15,2,17,39,58,7,65,23
1989,J.C.Nagar,6,6,_,6,10,9,2,11,20,31,5,36,14
1989,R.T.Nagar,5,4,1,5,15,13,3,16,26,25,6,31,26
1989,Vidhansoudha,4,3,1,4,7,4,3,7,15,15,4,19,18
1990,Kalasipalya,12,12,1,13,28,25,3,28,88,100,19,119,53
1990,Central,5,7,_,7,12,9,3,12,39,46,6,52,26
1990,Shankarpura,1,1,_,1,10,10,_,10,17,17,1,18,10
1990,Victoria,2,2,_,2,3,3,_,3,7,4,1,5,4
1990,Chamrajpet,13,10,3,13,24,24,_,24,73,75,20,95,37
1990,Byatarayanapura,7,15,2,17,28,25,2,27,67,80,23,103,34
1990,Janabharathi,2,2,_,2,3,3,_,3,2,2,_,2,2
1990,Kengeri,9,10,1,11,6,6,1,7,22,26,4,30,7
1990,Girinagar,1,1,_,1,2,2,1,3,8,6,4,10,7
1990,Kempegowda Nagar,1,_,1,1,2,2,1,3,3,3,_,3,1
1990,Citymarket,2,2,_,2,2,1,1,2,31,31,3,34,7
1990,N.T.Pet,2,2,_,2,6,4,2,6,26,29,3,32,7
1990,Kengerigate,10,10,2,12,22,15,5,20,56,56,12,68,19
1990,J.J.Nagar,10,_,_,0,6,6,1,7,13,12,4,16,11
1990,Chickpet,_,_,_,0,2,1,1,2,9,8,2,10,6
1990,Upparpet,14,13,1,14,20,17,3,20,80,76,7,83,35
1990,Magadiroad,8,5,2,7,16,15,3,18,87,86,7,93,24
1990,Malleshwaram,5,5,_,5,19,17,2,19,46,64,8,72,44
1990,Srirampura,4,3,1,4,11,9,2,11,53,61,13,74,12
1990,Sadashivnagar,4,3,2,5,18,17,1,18,37,34,5,39,27
1990,Yaswanthpura,21,20,2,22,60,55,6,61,128,155,43,198,76
1990,Peenya,14,12,2,14,14,12,2,14,34,37,5,42,31
1990,S.D.Halli,3,3,_,3,2,2,_,2,7,9,1,10,1
1990,Jalahalli,2,2,_,2,12,9,3,12,37,45,6,51,10
1990,G.Gudi,3,3,_,3,3,2,_,2,9,7,2,9,4
1990,Rajajinagar,3,1,2,3,21,16,5,21,48,53,15,68,20
1990,Vijayanagar,13,11,2,13,33,28,5,33,51,58,12,70,35
1990,Kamakshipalya,7,6,1,7,18,16,2,18,35,40,14,54,18
1990,Baveswaranagar,12,11,2,13,26,21,5,26,58,56,18,74,24
1990,M.Layout,4,4,_,4,11,10,1,11,15,20,4,24,15
1990,Subramanyanagar,9,8,1,9,25,23,2,25,53,65,15,80,16
1990,Rajgopalnagar,4,4,_,4,_,_,_,0,10,12,3,15,1
1990,H.Grounds,9,11,_,11,34,32,2,34,79,112,17,129,70
1990,Sheshadripuram,10,10,_,10,18,17,2,19,90,93,12,105,52
1990,Vyalikaval,5,5,_,5,15,14,5,19,56,49,12,61,33
1990,Hebbal,3,3,_,3,6,5,2,7,34,38,8,46,23
1990,Yelahanka,25,27,6,33,19,16,4,20,46,94,12,106,22
1990,Cubbonpark,13,11,2,13,29,25,4,29,59,73,17,90,58
1990,Vidhansoudha,4,3,1,4,12,8,4,12,23,28,3,31,18
1990,C.Street,5,4,1,5,23,20,5,25,53,55,18,73,25
1990,Bharathinagar,2,2,_,2,25,33,3,36,38,60,11,71,23
1990,Shivajinagar,2,2,_,2,6,5,1,6,7,6,2,8,8
1990,J.C.Nagar,3,3,_,3,14,11,3,14,19,47,10,57,20
1990,R.T.Nagar,3,2,1,3,27,25,4,29,39,78,10,88,33
1990,Ulsoorgate,11,9,2,11,23,19,4,23,73,78,22,100,29
1990,S.R.Nagar,6,4,2,6,7,5,2,7,34,35,15,50,21
1990,S.J.Park,4,3,1,4,15,14,1,15,42,48,12,60,19
1990,Wilsongarden,17,15,3,18,20,15,5,20,100,88,19,107,50
1990,Jayanagar,4,4,_,4,28,22,6,28,79,103,10,113,59
1990,J.P.Nagar,3,3,_,3,7,4,3,7,18,24,6,30,16
1990,Siddapura,4,3,1,4,11,10,1,11,35,33,8,41,12
1990,Thilaknagar,5,3,2,5,8,8,1,9,34,40,6,46,9
1990,Basavanagudi,10,8,2,10,24,20,4,24,79,65,23,88,58
1990,Banashankari,11,11,1,12,30,29,1,30,71,60,17,77,26
1990,Subramanyapura,5,5,1,6,4,2,2,4,10,11,9,20,6
1990,Tyagrajnagar,_,_,_,0,5,3,2,5,21,16,8,24,12
1990,Hanumanthanagar,4,4,_,4,14,13,1,14,28,24,15,39,13
1990,Ashoknagar,10,8,2,10,30,28,2,30,109,123,20,143,148
1990,Vivekanagar,4,4,_,4,3,3,_,3,17,21,3,24,10
1990,Koramanagla,8,8,1,9,12,11,1,12,37,39,7,46,17
1990,Audogodi,5,5,_,5,8,8,_,8,40,43,8,51,8
1990,Madivala,22,20,2,22,15,14,1,15,72,79,12,91,24
1990,Micolayout,10,8,2,10,9,9,_,9,54,57,11,68,20
1990,Frazertown,6,6,_,6,16,15,1,16,98,106,11,117,19
1990,K.G.Halli,7,7,_,7,2,2,_,2,21,22,4,26,7
1990,D.G.Halli,2,2,_,2,1,1,_,1,11,10,3,13,2
1990,Banasawadi,10,9,1,10,12,12,_,12,29,25,6,31,16
1990,Ulsoor,18,17,1,18,23,17,6,23,110,132,20,152,76
1990,Indiranagar,8,8,_,8,24,21,5,26,93,124,21,145,34
1990,Byappanahalli,9,9,_,9,8,12,1,13,37,110,13,123,23
1990,K.R.Puram,20,19,2,21,14,8,6,14,46,80,18,98,30
1990,Manadevapura,6,5,1,6,6,4,2,6,18,19,4,23,12
1990,H.A.L,9,7,2,9,10,8,2,10,20,28,4,32,15
1990,Airport,7,6,2,8,12,9,3,12,26,33,5,38,11
1990,J.B.Nagar,1,1,_,1,3,2,1,3,8,7,3,10,8
1991,Central,9,8,1,9,26,23,3,26,33,43,8,51,30
1991,Kalasipalya,13,13,_,13,29,23,6,29,78,86,9,95,35
1991,Shankarpura,_,_,_,0,8,6,2,8,19,20,3,23,7
1991,Victoria,1,1,_,1,5,4,1,5,4,3,1,4,2
1991,Chamrajpet,14,12,2,14,21,20,1,21,88,94,18,112,27
1991,Byatarayanapura,17,19,3,22,19,17,2,19,76,83,24,107,44
1991,K.G.Nagar,_,_,_,0,_,_,_,0,6,5,1,6,2
1991,Janabharathi,1,1,_,1,1,1,_,1,7,7,_,7,3
1991,Kengeri,12,10,4,14,12,12,_,12,26,37,12,49,19
1991,Girinagar,1,1,_,1,1,1,_,1,8,8,1,9,3
1991,Chickpet,_,_,_,0,3,3,_,3,4,4,_,4,4
1991,Upparpet,6,6,_,6,35,33,2,35,77,88,7,95,48
1991,Magadiraod,13,13,2,15,33,27,7,34,50,47,9,56,19
1991,Citymarket,3,3,_,3,4,4,_,4,23,24,2,26,6
1991,N.T.Pet,2,1,1,2,11,6,5,11,23,23,7,30,8
1991,Kengerigate,9,7,3,10,23,20,3,23,35,34,6,40,29
1991,J.J.Nagar,3,2,1,3,6,5,1,6,8,7,2,9,5
1991,Malleshwaram,5,4,1,5,30,27,5,32,64,65,12,77,50
1991,Sadashivnagar,3,4,_,4,17,17,1,18,35,50,5,55,41
1991,Yeshwantpur,26,20,6,26,46,39,8,47,128,137,14,151,71
1991,Peenya,12,10,3,13,26,20,7,27,38,42,10,52,45
1991,RMC.Yard,_,_,_,_,_,_,_,0,5,5,1,6,8
1991,Jalahally,_,_,_,0,12,13,1,14,13,10,3,13,5
1991,G.Gudi,2,2,_,2,5,3,3,6,9,9,1,10,2
1991,S.D.Halli,2,2,_,2,1,1,_,1,9,11,2,13,1
1991,Rajajinagar,10,6,4,10,24,18,8,26,46,52,11,63,32
1991,S.Nagar,11,9,2,11,28,19,12,31,58,70,12,82,20
1991,Vijayanagar,9,6,3,9,35,26,11,37,69,76,10,86,31
1991,Srirampuram,6,5,1,6,23,19,5,24,48,44,24,68,23
1991,Baveswaranagar,4,4,_,4,28,24,5,29,40,46,7,53,24
1991,Kamakshipalya,7,7,1,8,15,14,2,16,31,35,8,43,20
1991,M.Layout,6,5,1,6,2,2,_,2,13,15,4,19,16
1991,Rajgopalnagar,_,_,_,0,2,2,_,2,3,4,_,4,7
1991,Cubbonpark,10,7,3,10,34,32,2,34,60,79,6,85,58
1991,Vidhansoudha,4,2,2,4,11,9,2,11,24,27,3,30,22
1991,C.Street,_,_,_,0,19,15,4,19,67,74,25,99,40
1991,Bharathinagar,1,1,_,1,20,18,2,20,50,58,12,70,24
1991,Shivajinagar,_,_,_,0,2,2,_,2,15,18,8,26,10
1991,J.C.Nagar,4,3,1,4,22,17,5,22,27,61,6,67,19
1991,R.T.Nagar,13,12,1,13,21,13,8,21,52,137,10,147,30
1991,Yelahanka,19,20,2,22,15,10,5,15,48,22,10,32,26
1991,Hebbal,18,15,3,18,10,5,5,10,40,37,10,47,20
1991,Sheshadripuram,10,9,1,10,25,20,5,25,60,67,12,79,36
1991,Vyalikaval,6,4,2,6,9,8,1,9,67,44,15,59,26
1991,H.Grounds,16,14,2,16,18,16,2,18,75,88,10,98,50
1991,Ulsoorgate,6,6,_,6,42,41,6,47,78,85,20,105,36
1991,S.R.Nagar,2,2,_,2,16,14,3,17,39,31,16,47,33
1991,S.J.Park,9,7,2,9,16,15,1,16,47,67,10,77,33
1991,Wilsongarden,7,7,_,7,35,30,6,36,67,86,10,96,48
1991,Siddapura,1,1,_,1,19,16,3,19,31,28,8,36,19
1991,Thilaknagar,2,2,_,2,18,15,3,18,38,30,11,41,12
1991,Basavanagudi,11,8,3,11,39,34,5,39,83,74,16,90,59
1991,Banashankari,11,11,_,11,31,28,3,31,55,58,12,70,28
1991,Hanumanthnagar,6,3,3,6,17,13,4,17,22,13,9,22,18
1991,Jayanagar,9,8,1,9,32,27,5,32,101,107,20,127,42
1991,J.P.Nagar,4,4,_,4,10,7,3,10,39,37,13,50,13
1991,T.R.Nagar,1,1,_,1,9,7,3,10,7,5,2,7,1
1991,Subramanyapura,3,3,1,4,4,2,2,4,9,9,2,11,8
1991,Ashoknagar,17,14,5,19,20,18,2,20,167,152,38,190,143
1991,Madivala,23,21,2,23,28,26,2,28,72,128,13,141,62
1991,Koramanagla,2,1,1,2,8,5,3,8,32,35,7,42,30
1991,Mico-Layout,13,13,1,14,9,6,3,9,69,56,15,71,23
1991,Audogodi,11,10,1,11,8,7,1,8,38,40,8,48,15
1991,Viveknagar,1,1,_,1,5,4,1,5,26,24,5,29,12
1991,Frazertown,10,9,1,10,8,6,2,8,68,63,18,81,25
1991,Banasavadi,8,7,1,8,3,3,_,3,49,45,8,53,14
1991,K.G.Halli,5,3,2,5,3,3,_,3,30,28,5,33,6
1991,Ulsoor,10,6,4,10,23,19,4,23,132,155,25,180,112
1991,Airport,9,6,4,10,10,8,2,10,20,24,6,30,13
1991,H.A.L,5,3,2,5,5,5,_,5,31,44,6,50,23
1991,J.B.Nagar,1,1,_,1,4,4,_,4,10,15,1,16,11
1991,Indiranagar,7,7,_,7,18,16,3,19,97,106,25,131,31
1991,Byappanahalli,7,8,_,8,10,10,2,12,29,56,18,74,20
1991,D.J.Halli,_,_,_,0,1,1,_,1,7,8,_,8,4
1991,K.R.Puram,17,16,1,17,12,10,2,12,61,79,15,94,20
1991,Manadavpura,2,2,_,2,4,4,_,4,24,27,3,30,11
1992,Central,5,4,1,5,25,21,10,31,41,65,12,77,22
1992,Kalasipalya,13,13,_,13,58,50,14,64,82,82,17,99,67
1992,Shankarpur,2,2,_,2,19,14,5,19,21,17,6,23,6
1992,Y.H.Hospital,1,_,1,1,4,6,_,6,3,2,1,3,2
1992,Chamrajpet,17,14,3,17,51,47,9,56,79,100,19,119,19
1992,Byatarayanapura,20,16,4,20,43,43,10,53,82,110,37,147,39
1992,Kengeri,4,3,1,4,15,17,1,18,14,19,4,23,4
1992,Girinagar,2,1,1,2,7,5,3,8,8,8,2,10,5
1992,K.G.Nagar,_,_,_,0,6,5,1,6,5,4,1,5,2
1992,Janabharathi,1,1,_,1,3,3,1,4,2,1,1,2,3
1992,Chickpet,_,_,_,0,3,3,_,3,8,7,1,8,1
1992,Market,7,4,3,7,5,4,1,5,16,14,2,16,11
1992,N.T.Pet,5,4,1,5,11,9,2,11,29,29,2,31,6
1992,Kengerigate,7,8,_,8,20,20,4,24,37,40,8,48,18
1992,J.J.Nagar,3,2,1,3,8,7,1,8,18,20,5,25,3
1992,Upparpet,8,7,1,8,56,45,9,54,72,73,6,79,47
1992,Magadiroad,9,9,_,9,20,16,4,20,43,43,16,59,19
1992,Malleshwaram,7,8,_,,39,35,4,39,77,91,18,109,39
1992,S.Shivanagar,5,4,1,,14,13,2,15,51,59,12,71,45
1992,Srirampura,6,6,_,,19,16,3,19,57,67,12,79,21
1992,Yeshwanthpur,22,19,3,,28,25,4,29,117,122,18,140,62
1992,Peenya,13,14,3,,25,23,2,25,55,73,18,91,32
1992,Jalahalli,4,5,_,,6,6,1,7,29,28,10,38,7
1992,R.M.Cyard,9,9,_,,15,14,1,15,23,30,14,44,17
1992,G.Gudi,4,4,1,,7,6,1,7,19,24,2,26,3
1992,S.D.Halli,2,2,_,,4,4,_,4,8,8,2,10,3
1992,Rajajinagar,8,7,1,8,24,20,6,26,58,65,18,83,26
1992,Subranabyanagar,17,14,4,18,44,28,18,46,61,90,32,122,31
1992,Vijayanagar,8,8,_,8,44,32,14,46,79,85,20,105,32
1992,Baveswaranagar,5,3,2,5,29,25,5,30,50,55,10,65,12
1992,Kamakshipalya,4,4,_,4,12,10,2,12,31,34,6,40,14
1992,M.Layout,4,4,1,5,11,11,_,11,16,18,8,26,11
1992,Rajgopalnagar,2,2,_,2,4,4,_,4,12,15,1,16,7
1992,Sheshadripuram,6,6,_,6,31,30,3,33,62,53,12,65,38
1992,Cubbonpark,8,8,_,8,32,31,2,33,117,141,28,169,63
1992,Vidhansoudha,2,2,1,3,13,12,1,13,32,38,8,46,22
1992,C.Street,7,6,1,7,25,18,6,24,54,61,14,75,26
1992,Bharathinagar,12,8,4,12,15,17,5,22,46,52,13,65,28
1992,Shivajinagar,1,_,1,1,3,2,1,3,4,7,2,9,11
1992,J.C.Nagar,10,10,_,10,20,17,4,21,42,46,13,59,23
1992,R.T.Nagar,12,12,_,12,22,21,6,27,54,57,14,71,37
1992,Vyalikaval,7,6,1,7,16,14,4,18,46,43,10,53,34
1992,Hebbal ,12,10,3,13,13,13,3,16,48,60,11,71,17
1992,Yelahanka,21,18,4,22,34,29,8,37,38,81,12,93,23
1992,Highgrounds,14,14,1,15,35,29,6,35,80,91,20,111,70
1992,Ulsoorgate,3,3,_,3,38,32,9,41,56,86,9,95,21
1992,Wilsongarden,16,15,1,16,49,42,9,51,62,66,18,84,40
1992,Siddapura,1,1,_,1,13,11,2,13,18,21,9,30,20
1992,Thilaknagar,2,1,1,2,23,17,6,23,31,38,9,47,16
1992,S.R.Nagar,7,7,_,7,28,23,5,28,37,40,5,45,32
1992,S.J.Park,4,4,_,4,15,9,6,15,35,44,7,51,13
1992,Banaswadi,14,12,2,14,37,29,8,37,91,94,20,114,38
1992,Banashankari,11,9,2,11,28,23,7,30,34,36,8,44,18
1992,Hanumanthanagar,2,1,1,2,18,13,5,18,18,19,5,24,11
1992,T.R.Nagar,2,2,_,2,12,11,1,12,12,14,2,16,6
1992,Subramanyapura,_,_,_,0,6,4,3,7,10,8,2,10,11
1992,Jayanagar,9,5,4,9,52,45,9,54,70,75,12,87,48
1992,J.P.Nagar,1,1,_,1,12,8,4,12,32,26,9,35,15
1992,Ulsoor,12,8,4,12,14,12,2,14,45,56,12,68,26
1992,Indiranagar,3,3,_,3,15,13,2,15,43,48,16,64,25
1992,Byappanahalli,8,9,_,9,17,16,1,17,40,54,13,67,25
1992,K.R.Pura,3,3,_,3,14,12,3,15,41,40,10,50,17
1992,Mahdevpura,10,9,2,11,10,10,1,11,48,42,11,53,27
1992,J.B.Nagar,6,7,_,7,12,12,_,12,48,52,10,62,33
1992,H.A.L,10,12,_,12,20,17,3,20,40,60,2,62,34
1992,Airport,6,5,1,6,26,24,2,26,38,61,9,70,25
1992,Frasertown,3,3,_,3,12,10,2,12,40,41,8,49,20
1992,Banasawadi,10,9,1,10,10,10,_,10,51,86,16,102,31
1992,D.J.Halli,7,5,2,7,20,18,2,20,34,46,14,60,25
1992,K.G.Halli,6,5,1,6,18,17,1,18,29,54,10,64,27
1992,Ashoknagar,14,12,2,14,40,36,5,41,157,167,29,196,109
1992,Madivala,22,20,2,22,25,23,2,25,113,144,25,169,60
1992,Micolayout,11,11,_,11,16,10,7,17,50,56,11,67,35
1992,Koramangala,5,4,1,5,13,12,1,13,32,39,4,43,23
1992,Audogodi,8,8,_,8,14,13,2,15,52,50,9,59,23
1992,Viveknagar,4,4,_,4,9,5,4,9,19,18,4,22,6
1993,Chickpet,1,1,_,1,2,2,_,2,7,6,2,8,4
1993,Magadiroad,12,10,2,12,26,24,2,26,64,60,15,75,27
1993,Upparpet,12,11,4,15,39,33,7,40,79,81,19,100,58
1993,Citymarket,1,_,1,1,2,2,_,2,15,13,3,16,9
1993,N.T.Oet,1,1,_,1,12,8,4,12,26,28,4,32,11
1993,K.Gate,4,3,1,4,23,23,2,25,50,53,8,61,25
1993,J.J.Nagar,1,_,1,1,9,5,4,9,18,17,4,21,6
1993,Kalasipalya,13,10,3,13,48,39,11,50,69,83,21,104,52
1993,Central,5,3,2,5,29,23,6,29,39,31,13,44,37
1993,Shankarpur,2,2,_,2,10,7,3,10,22,14,9,23,11
1993,Victoria,1,1,_,1,4,3,1,4,8,6,2,8,1
1993,C.Pet,12,11,1,12,44,39,9,48,78,88,21,109,28
1993,Byatarayanapura,19,18,4,22,42,44,11,55,72,92,27,119,42
1993,Kengeri,7,8,_,8,11,16,2,18,19,28,9,37,12
1993,Janabharathi,_,_,_,0,3,3,_,3,2,2,_,2,5
1993,Girinagar,1,_,1,1,6,5,1,6,14,13,2,15,5
1993,K.G.Nagar,_,_,_,0,5,3,2,5,24,22,4,26,5
1993,Malleshwaram,4,4,_,4,42,41,4,45,106,142,44,186,54
1993,S.Shivanagar,6,6,1,7,16,15,3,18,57,76,20,96,51
1993,Srirampura,8,6,2,8,10,10,_,10,54,57,5,62,22
1993,Y.Pura,10,8,2,10,34,31,5,36,79,127,14,141,49
1993,Peenya,16,17,_,17,31,28,4,32,61,93,19,112,50
1993,Jalahalli,7,8,_,8,9,7,3,10,31,32,2,34,11
1993,R.M.Cyard,6,6,_,6,19,18,1,19,32,44,8,52,28
1993,G.Gudi,4,4,_,4,5,4,2,6,10,11,3,14,4
1993,S.D.Halli,2,1,1,2,9,8,1,9,8,9,1,10,1
1993,Rajajinagar,8,7,1,8,18,14,4,18,64,68,18,86,20
1993,Subranabyanagar,9,8,1,9,22,17,5,22,89,92,17,109,25
1993,Vijayanagar,8,5,3,8,30,24,6,30,95,89,24,113,21
1993,Baveswaranagar,5,4,1,5,25,19,6,25,61,60,17,77,26
1993,Kamakshipalya,7,6,1,7,19,15,4,19,32,46,15,61,18
1993,M.Layout,3,3,_,3,5,5,_,5,22,16,7,23,16
1993,Rajgopalnagar,2,2,_,2,4,4,_,4,12,13,3,16,9
1993,Cubbonpark,12,11,1,12,15,12,4,16,105,118,12,130,57
1993,Highgrounds,12,11,1,12,32,22,12,34,76,68,21,89,66
1993,Sheshadripuram,10,6,5,11,32,33,4,37,82,85,18,103,40
1993,Vyalikaval,3,1,2,3,28,22,11,33,54,57,13,70,31
1993,C.Street,3,3,_,3,20,15,5,20,76,84,16,100,43
1993,Shivajinagar,1,1,_,1,4,2,2,4,15,18,3,21,3
1993,Bharathinagar,7,6,1,7,16,9,7,16,62,72,12,84,23
1993,J.C.Nagar,10,7,3,10,12,13,2,15,44,49,6,55,37
1993,R.T.Nagar,15,13,2,15,26,22,4,26,69,76,9,85,46
1993,Hebbal ,11,9,2,11,34,37,2,39,46,55,14,69,17
1993,Yelahanka,22,17,7,24,30,25,10,35,38,60,19,79,14
1993,Vidhansoudha,3,3,_,3,8,9,_,9,31,29,5,34,18
1993,Bowring Hospital,_,_,_,0,_,_,_,0,_,_,_,0,2
1993,Ulsoor,22,19,6,25,39,33,7,40,107,110,33,143,88
1993,Airport,6,5,1,6,19,14,6,20,32,51,11,62,29
1993,H.A.L,10,10,1,11,19,15,4,19,32,39,13,52,7
1993,J.B.Nagar,4,2,2,4,7,6,1,7,14,11,6,17,8
1993,Indiranagar,7,6,1,7,41,31,12,43,91,97,20,117,51
1993,Byapanahalli,13,11,2,13,19,15,6,21,44,68,16,84,10
1993,K.R.Puram,18,16,3,19,28,26,3,29,61,75,12,87,29
1993,Mahdevpura,6,4,2,6,6,5,1,6,13,17,1,18,9
1993,R.Murthynagar,1,1,_,1,1,1,_,1,3,3,1,4,1
1993,Frasertown,5,3,2,5,26,19,7,26,49,54,12,66,29
1993,Banaswadi,9,8,1,9,20,17,3,20,21,32,9,41,14
1993,K.G.Hali,4,4,_,4,8,7,1,8,19,18,5,23,6
1993,D.J.Halli,1,1,_,1,4,3,1,4,17,15,5,20,24
1993,Ashoknagar,18,16,3,,39,35,4,39,157,185,38,223,135
1993,Viveknagar,2,2,_,,13,8,5,13,19,17,5,22,7
1993,Audogodi,4,5,1,,11,9,2,11,36,32,10,42,14
1993,Madivala,31,25,8,,38,37,3,40,96,110,19,129,54
1993,Mico-Layout,13,12,3,,17,16,2,18,51,57,17,74,26
1993,Koramanagla,8,8,_,,10,7,3,10,33,32,10,42,35
1993,Ulsoorgate,8,8,_,8,48,49,7,56,46,40,15,55,34
1993,S.R.Nagar,9,9,1,10,17,22,2,24,48,85,14,99,30
1993,S.J.Park,7,6,1,7,12,11,1,12,55,65,10,75,27
1993,Wilsongarden,16,17,1,18,52,56,8,64,50,44,11,55,35
1993,Thilaknagar,5,3,2,5,27,23,6,29,36,41,7,48,17
1993,Siddapura,4,5,_,5,11,8,3,11,15,18,4,22,6
1993,B.Gudi,10,10,_,10,42,47,4,51,85,90,25,115,25
1993,Banashankari,9,6,3,9,21,17,5,22,27,26,7,33,13
1993,Hanumanthnagar,_,_,_,0,15,9,6,15,26,19,12,31,14
1993,T.R.Nagar,_,_,_,0,11,8,5,13,17,15,9,24,3
1993,Subramanyapura,3,2,1,3,6,4,3,7,10,19,3,22,12
1993,K.S.Layout,2,2,_,2,8,7,1,8,12,9,3,12,7
1993,Jayanagar,11,11,_,11,40,29,12,41,63,57,20,77,44
1993,J.P.Nagar,7,7,_,7,18,15,3,18,30,33,8,41,13
1994,Cubbonpark,6,3,3,6,28,28,3,31,130,138,19,157,70
1994,Highgrounds,13,13,10,23,13,13,2,15,127,131,16,147,119
1994,Vidhansoudha,2,1,1,2,3,3,_,3,35,39,5,44,22
1994,Vyalikaval,4,5,1,6,15,15,2,17,62,65,12,77,51
1994,Sadashivnagar,7,7,_,7,10,10,1,11,60,62,6,68,65
1994,Ashoknagar,14,12,2,14,44,37,7,44,164,205,47,252,186
1994,Viveknagar,2,2,_,2,8,8,_,8,15,13,2,15,19
1994,Ulsoorgate,7,6,1,7,25,23,2,25,67,64,14,78,42
1994,S.J.Parak,2,2,_,2,10,8,2,10,41,33,8,41,28
1994,Wilsongarden,11,8,3,11,14,12,2,14,95,78,19,97,32
1994,S.R.Nagar,3,3,_,3,13,12,1,13,44,32,12,44,38
1994,Ulsoor,15,11,4,15,35,31,9,40,122,144,36,180,128
1994,Indiranagar,8,6,2,8,30,26,5,31,94,87,23,110,49
1994,Airport,2,2,2,4,11,9,3,12,34,44,9,53,33
1994,J.B.Nagar,5,5,_,5,8,8,_,8,18,18,4,22,11
1994,K.R.Puram,17,17,3,20,30,35,2,37,51,73,17,90,25
1994,Byapanahlli,6,5,1,6,18,15,4,19,27,42,5,47,20
1994,Mahadevpura,5,5,_,5,10,10,_,10,12,14,2,16,11
1994,Rammurthynagar,1,1,_,1,_,_,_,0,9,6,3,9,5
1994,H.A.L,9,7,1,8,18,19,2,21,38,35,9,44,14
1994,Vijayanagar,14,12,2,14,31,26,6,32,120,133,26,159,26
1994,Basaveswarnagar,2,2,_,2,12,8,4,12,51,48,12,60,16
1994,Kamakshipalya,4,3,1,4,10,7,4,11,35,41,10,51,18
1994,Bytarayanapura,27,23,4,27,28,28,1,29,101,115,34,149,53
1994,Kengeri,6,9,_,9,5,4,1,5,29,83,24,107,16
1994,Jayabharathi,_,_,_,0,3,3,_,3,2,1,1,2,5
1994,Citymarket,3,3,_,3,2,2,_,2,16,16,3,19,7
1994,Kalasipalya,20,19,1,20,19,18,2,20,128,127,19,146,48
1994,Kengerigate,4,3,2,5,13,12,1,13,50,43,13,56,21
1994,J.J.Nagar,2,2,_,2,_,_,_,0,26,23,7,30,11
1994,Magadiroad,13,13,_,13,18,18,4,22,59,55,11,66,21
1994,Upparpet,13,12,1,13,25,20,6,26,86,95,29,124,49
1994,Chickpet,1,_,1,1,6,4,2,6,8,8,_,8,4
1994,Malleshwaram,10,6,4,10,38,24,14,38,74,75,24,99,39
1994,Srirampura,7,7,_,7,22,20,3,23,61,64,17,81,29
1994,Rajajjnagar,10,10,_,10,22,19,2,21,75,86,18,104,30
1994,M.Laxmilayout,1,1,_,1,11,8,3,11,33,26,9,35,8
1994,Subramanyanagar,15,14,1,15,24,16,9,25,91,77,28,105,52
1994,Peenya,14,14,1,15,35,33,4,37,81,84,20,104,54
1994,R.M.C.Yard,7,6,1,7,10,7,3,10,44,45,8,53,25
1994,Rajgopalnagar,2,2,_,2,4,3,1,4,12,12,1,13,3
1994,S.D.Halli,2,2,_,2,4,2,2,4,7,7,1,8,1
1994,Yeshwanthpur,14,12,2,14,22,20,3,23,109,123,16,139,57
1994,Jalahalli,_,_,_,0,11,11,_,11,38,40,8,48,7
1994,G.Gudi,1,_,1,1,8,6,3,9,16,17,12,29,4
1994,J.C.Nagar,6,5,1,6,10,9,2,11,44,44,16,60,34
1994,R.T.Nagar,8,7,1,8,14,11,3,14,80,80,17,97,51
1994,Yelahanka,29,31,3,34,31,49,8,57,68,109,20,129,24
1994,Hebbal,13,12,1,13,20,22,2,24,45,63,6,69,27
1994,Vidyaranyapura,3,3,_,3,1,1,_,1,5,8,1,9,_
1994,Central,5,4,1,5,22,20,5,25,38,43,11,54,34
1994,Victoria Hospital,1,1,_,1,5,4,1,5,5,4,1,5,3
1994,N.T.Pet,5,4,1,5,12,12,_,12,26,25,3,28,18
1994,Chamarajpet,16,14,3,17,40,33,9,42,88,95,21,116,60
1994,Shankarapura,5,4,1,5,13,9,4,13,18,17,3,20,19
1994,Hanumanthanagar,1,_,1,1,10,11,1,12,32,30,6,36,19
1994,Girinagar,1,1,_,1,6,4,2,6,10,9,2,11,3
1994,K.G.Nagar,_,_,_,0,4,2,2,4,10,9,1,10,6
1994,Basavanagudi,8,8,_,8,35,34,7,41,102,122,25,147,23
1994,Siddapura,6,3,3,6,18,15,3,18,24,35,10,45,15
1994,T.R.Nagar,1,1,_,1,5,5,_,5,8,7,1,8,10
1994,Banashankari,6,6,1,7,27,22,4,26,41,35,5,40,12
1994,Subramanyapura,3,2,2,4,4,4,2,6,18,19,_,19,7
1994,K.S.Layout,5,3,3,6,11,6,5,11,16,21,4,25,7
1994,Jayanagar,9,6,3,9,32,26,8,34,62,70,28,98,41
1994,J.P.Nagar,5,4,2,6,25,20,6,26,36,44,20,64,17
1994,Madivala,28,26,3,29,42,39,2,41,95,100,11,111,70
1994,Koramangala,4,3,1,4,14,16,2,18,28,36,6,42,25
1994,Micolayout,16,12,4,16,34,30,7,37,63,64,17,81,27
1994,Thilaknagar,3,2,1,3,26,24,4,28,25,24,11,35,17
1994,Audogudi,1,_,1,1,17,15,5,20,40,38,10,48,26
1994,Frasertown,7,7,_,7,31,23,8,31,57,54,17,71,40
1994,Banasawadi,8,6,2,8,13,8,5,13,33,29,9,38,12
1994,K.G.Halli,5,4,1,5,14,13,3,16,18,24,7,31,7
1994,D.J.Halli,3,4,_,4,6,4,2,6,17,15,4,19,1
1994,C.Street,6,5,1,6,17,15,3,18,67,68,12,80,40
1994,Bharathinagar,8,5,3,8,10,10,1,11,41,42,6,48,30
1994,Shivajinagar,_,_,_,0,6,6,_,6,13,12,1,13,7
1994,Bowring,_,_,_,0,_,_,_,0,_,_,_,0,_
1995,Cubbonpark,6,5,1,6,33,36,7,43,94,123,12,135,62
1995,V.Soudha,2,1,1,2,15,13,5,18,35,35,11,46,20
1995,S.S.Pura,4,3,1,4,29,22,7,29,59,91,14,105,44
1995,Vyalikaval,8,8,_,8,20,20,3,23,54,54,12,66,45
1995,S.D.Nagar,4,4,1,5,20,20,4,24,44,52,6,58,56
1995,H.Grounds,8,9,_,9,25,26,4,30,81,85,14,99,99
1995,Ulsoor,26,19,6,25,63,59,14,73,134,148,26,174,162
1995,H.A.L,10,11,1,12,15,15,1,16,47,70,10,80,22
1995,Airport,5,4,1,5,16,15,2,17,43,46,14,60,45
1995,J.B.Nagar,4,2,2,4,10,9,1,10,25,30,7,37,20
1995,K.R.Pura,13,12,2,14,14,15,5,20,82,110,41,151,36
1995,M.D.Pura,3,2,2,4,2,2,_,2,19,18,3,21,11
1995,R.M.Nagar,2,2,_,2,1,1,_,1,8,8,3,11,_
1995,Indiranagar,9,6,3,9,18,18,3,21,91,91,20,111,58
1995,Byapanahalli,9,6,3,9,14,11,6,17,52,61,9,70,26
1995,C.Street,8,8,_,8,22,18,4,22,52,54,13,67,33
1995,Bharthinagar,2,2,_,2,21,21,2,23,59,60,15,75,27
1995,Shivajinagr,1,1,_,1,9,9,_,9,13,16,1,17,9
1995,F.Town,10,7,3,10,19,18,2,20,78,79,18,97,42
1995,Banasawadi,4,3,1,4,20,16,5,21,32,33,11,44,14
1995,K.G.Halli,4,3,1,4,10,8,2,10,28,32,5,37,11
1995,D.G.Halli,1,_,1,1,5,3,2,5,22,18,4,22,4
1995,Hennur,1,1,_,1,5,5,_,5,2,2,1,3,4
1995,Market,2,2,_,2,6,6,_,6,21,20,4,24,6
1995,Kalasipalya,18,15,3,18,11,8,4,12,121,129,30,159,56
1995,Chickpet,_,_,_,0,2,2,_,2,9,8,1,9,6
1995,Upparpet,14,13,1,14,15,14,1,15,76,63,19,82,57
1995,K.Gate,8,6,2,8,7,7,_,7,42,36,16,52,31
1995,Magadi Road,10,8,2,10,15,12,3,15,72,65,18,83,32
1995,J.J.Nagar,3,2,1,3,5,4,1,5,29,24,8,32,5
1995,Vijayanagar,11,9,2,11,42,35,8,43,105,99,22,121,37
1995,Chandralayout,_,_,_,0,_,_,_,0,11,11,1,12,1
1995,B.Nagar,11,10,1,11,33,29,4,33,43,64,16,80,29
1995,Kamakshipalya,8,7,1,8,10,8,2,10,59,68,12,80,20
1995,Byatranapura,22,21,1,22,21,21,12,33,78,116,47,163,35
1995,Kengeri,11,16,3,19,5,5,2,7,38,70,14,84,20
1995,Janabharathi,3,3,_,3,4,2,2,4,5,5,_,5,3
1995,Malleshwaram,5,3,2,5,29,25,4,29,83,82,23,105,37
1995,Srirampuram,7,3,4,7,15,14,3,17,52,49,15,64,23
1995,Rajajinagar,7,7,_,7,16,14,2,16,75,72,20,92,23
1995,S.B.Nagar,8,4,4,8,29,24,6,30,108,96,24,120,66
1995,M.Layout,_,_,_,0,9,8,1,9,24,22,5,27,22
1995,Y.Pura,13,12,1,13,17,15,4,19,85,85,19,104,63
1995,Jalahally,5,4,2,6,7,6,1,7,30,27,8,35,3
1995,G.Gudi,3,3,_,3,1,1,_,1,23,24,1,25,4
1995,Peenya,14,14,1,15,10,11,2,13,91,144,14,158,80
1995,R.M.C.Yard,8,8,_,8,5,6,_,6,50,45,11,56,31
1995,Rajgopalnagar,1,1,_,1,3,4,_,4,11,10,3,13,13
1995,S.D.Halli,_,_,_,0,2,1,1,2,13,16,2,18,3
1995,J.C.Nagar,1,11,1,12,14,10,4,14,40,61,20,81,37
1995,R.T.Nagar,12,14,_,14,28,24,4,28,74,98,22,120,42
1995,Hebbal,8,8,2,10,28,24,4,28,53,69,15,84,26
1995,Yelhanka,33,29,7,36,27,23,5,28,64,109,18,127,32
1995,Sanjaynagar,9,8,2,10,11,8,3,11,19,20,5,25,23
1995,Y.New Town,3,2,1,3,4,2,2,4,9,26,6,32,2
1995,V.D.Pura,_,_,_,0,5,5,_,5,16,19,3,22,7
1995,Jayanagar,19,18,1,19,47,38,10,48,72,68,23,91,61
1995,J.P.Nagar,6,5,1,6,26,18,8,26,32,33,11,44,24
1995,B.Gudi,10,10,_,10,50,39,11,50,57,68,17,85,47
1995,Siddapura,5,5,1,6,13,10,4,14,16,11,7,18,12
1995,T.R.Nagar,_,_,_,0,14,10,4,14,16,14,6,20,9
1995,Banashankari,9,5,4,9,30,22,8,30,52,55,11,66,13
1995,K.S.Layout,12,10,2,12,26,23,3,26,32,38,11,49,13
1995,S.B.Pura,2,1,1,2,9,10,2,12,9,19,2,21,5
1995,Central,4,4,_,4,27,24,3,27,40,45,8,53,37
1995,N.T.pet,6,6, _,6,11,9,2,11,20,20,2,22,16
1995,Victoria,_,_,_,0,11,10,1,11,11,11,2,13,3
1995,Chamrajpet,9,5,4,9,40,34,6,40,64,72,18,90,52
1995,Shankarpura,3,1,2,3,11,9,3,12,27,27,12,39,20
1995,H.Nagar,4,2,2,4,23,22,4,26,22,29,7,36,15
1995,K.G.Nagar,_,_,_,0,5,4,1,5,13,10,4,14,5
1995,Girinagar,2,2,_,2,3,2,1,3,8,11,4,15,2
1995,Ashoknagar,22,26,2,28,50,43,7,50,205,213,32,245,192
1995,U.Gate,12,9,3,12,32,25,7,32,71,74,22,96,50
1995,Wilsongarden,16,14,2,16,26,22,4,26,87,84,19,103,48
1995,Vivekanagar,4,4,_,4,8,6,2,8,10,11,3,14,9
1995,S.J.Park,4,4,_,4,10,10,_,10,29,26,3,29,26
1995,S.R.Nagar,5,5,_,5,10,9,1,10,45,44,8,52,57
1995,Madivala,37,32,8,40,46,38,13,51,65,82,21,103,76
1995,Koramangala,10,8,2,10,19,15,5,20,18,16,12,28,35
1995,Mico lay-out,16,16,2,18,39,36,7,43,53,58,9,67,31
1995,Thilaknagar,7,7,_,7,22,18,5,23,44,52,8,60,20
1995,Audogodi,6,6,_,6,21,17,5,22,34,31,10,41,26
1996,Cubbonpark,4,2,2,4,28,27,3,30,77,92,12,104,63
1996,V.Soudha,3,3,_,3,14,13,3,16,40,44,7,51,28
1996,L.H,Nil,,,0,,,,0,,,,0,
1996,V.V.Tower,Nil,,,0,,,,0,,,,0,
1996,M.S.Buildings,Nil,,,0,,,,0,,,,0,
1996,S.S.Pura,7,8,2,10,32,31,2,33,62,67,10,77,32
1996,Vyalikaval,11,6,5,11,28,23,5,28,47,48,7,55,49
1996,S.D.Nagar,5,4,1,5,23,22,3,25,38,39,9,48,76
1996,H.Grounds,11,11,_,11,34,31,6,37,79,81,18,99,89
1996,Ulsoor,18,17,2,19,51,40,14,54,98,132,18,150,126
1996,H.A.L,19,17,2,19,20,17,6,23,40,49,24,73,36
1996,Airport,11,9,3,12,27,22,8,30,39,40,5,45,47
1996,J.B.Nagar,_,_,_,0,6,6,1,7,14,14,2,16,28
1996,K.R.Pura,24,19,7,26,17,17,_,17,80,111,21,132,43
1996,M.D.Pura,9,9,_,9,8,8,_,8,12,15,5,20,13
1996,R.M.Nagar,2,2,_,2,4,3,1,4,12,12,5,17,4
1996,Indiranagar,8,6,2,8,38,35,7,42,56,61,8,69,61
1996,Byapanahalli,10,10,_,10,19,25,2,27,32,32,6,38,24
1996,C.Street,9,7,2,9,13,11,2,13,39,35,7,42,18
1996,Bharthinagar,8,7,2,9,18,17,2,19,33,35,3,38,25
1996,Shivajinagar,1,1,_,1,7,6,1,7,32,32,5,37,13
1996,F.Town,6,6,_,6,28,20,8,28,76,85,30,115,13
1996,Banasawadi,4,2,2,4,12,10,3,13,32,28,7,35,18
1996,K.G.Halli,2,1,1,2,2,1,1,2,24,25,6,31,6
1996,D.G.Halli,2,1,1,2,5,4,1,5,12,13,3,16,5
1996,Hennur,5,4,1,5,5,4,1,5,14,15,8,23,6
1996,B / Hospital,Nil,,,0,,,,0,,,,0,
1996,Market,3,2,1,3,7,6,1,7,21,20,3,23,9
1996,Kalasipalya,10,10,_,10,28,26,4,30,98,97,21,118,63
1996,Chickpet,_,_,_,0,4,4,_,4,12,12,1,13,12
1996,Upparpet,13,13,_,13,26,22,5,27,78,100,27,127,33
1996,K.Gate,9,7,2,9,17,15,2,17,32,32,9,41,15
1996,Magadi Road,13,12,1,13,20,11,10,21,64,66,12,78,25
1996,J.J.Nagar,_,_,_,0,1,1,_,1,14,13,2,15,4
1996,K.P.Agrahar,_,_,_,0,5,1,4,5,10,8,8,16,3
1996,Vijayanagar,16,14,2,16,64,54,14,68,100,97,35,132,63
1996,Chandralayout,4,3,1,4,6,6,4,10,10,12,3,15,12
1996,B.Nagar,9,5,4,9,22,18,9,27,33,34,15,49,31
1996,Kamakshipalya,8,7,1,8,21,19,3,22,40,37,8,45,33
1996,Byatranapura,35,35,4,39,50,45,10,55,78,106,24,130,48
1996,Kengeri,19,17,3,20,19,23,5,28,33,85,17,102,18
1996,Janabharathi,_,_,_,0,4,5,_,5,8,10,1,11,6
1996,Malleshwaram,3,3,_,3,22,19,3,22,89,80,20,100,38
1996,Srirampuram,7,7,_,7,14,11,3,14,51,60,13,73,24
1996,Rajajinagar,7,6,2,8,16,12,4,16,72,70,20,90,19
1996,S.B.Nagar,8,5,3,8,19,12,8,20,93,88,28,116,60
1996,M.Layout,2,1,1,2,4,3,1,4,18,20,2,22,21
1996,Y.Pura,17,16,4,20,32,15,17,32,64,58,22,80,74
1996,Jalahally,5,5,_,5,8,8,_,8,23,22,2,24,5
1996,G.Gudi,4,4,_,4,9,7,2,9,21,22,3,25,3
1996,Peenya,22,21,7,28,28,22,8,30,49,42,6,48,54
1996,R.M.C.Yard,8,7,1,8,14,13,1,14,20,23,7,30,38
1996,R.G.Nagar,3,1,2,3,6,6,_,6,4,2,3,5,8
1996,S.D.Halli,7,6,1,7,8,8,_,8,12,14,3,17,7
1996,J.C.Nagra,10,9,2,11,14,14,3,17,36,34,8,42,33
1996,R.T.Nagar,5,5,_,5,19,14,7,21,28,30,5,35,36
1996,Sanjaynagar,19,15,7,22,41,41,7,48,72,73,22,95,61
1996,Yelahanka,27,24,3,27,54,62,14,76,44,74,9,83,33
1996,Hebbal,5,5,_,5,14,20,2,22,27,28,8,36,12
1996,Y.NewTown,4,3,1,4,10,12,1,13,10,14,2,16,6
1996,V.D.Pura,1,1,_,1,1,1,_,1,7,8,_,8,3
1996,Jayanagar,6,6,_,6,40,31,10,41,57,50,20,70,74
1996,J.P.Nagar,9,9,_,9,33,26,11,37,33,36,12,48,17
1996,B.Gudi,8,6,2,8,44,35,10,45,43,57,12,69,45
1996,Siddapura,3,2,1,3,23,20,5,25,16,20,4,24,3
1996,T.R.Nagar,_,_,_,0,14,11,3,14,12,12,2,14,9
1996,Banashankari,11,7,4,11,54,45,10,55,55,54,16,70,34
1996,K.S.Layout,9,8,1,9,40,40,10,50,21,26,7,33,13
1996,S.B.Pura,5,5,_,,13,13,4,17,16,22,2,24,6
1996,Central,4,4,1,5,28,24,4,28,30,39,17,56,29
1996,N.T.Pet,7,7,_,7,9,8,1,9,18,16,4,20,3
1996,Victoria,3,3,_,3,2,1,1,2,4,3,1,4,_
1996,Chamrajpet,6,6,_,6,40,32,9,41,60,60,18,78,38
1996,Shankarpura,_,_,_,0,9,8,1,9,14,12,5,17,20
1996,H.Nagar,3,2,1,3,24,16,8,24,21,16,11,27,12
1996,K.G.Nagar,_,_,_,0,9,8,1,9,9,7,4,11,6
1996,Girinagar,5,4,1,5,20,16,4,20,26,17,9,26,9
1996,Ashoknagar,18,18,1,19,62,61,12,73,142,161,47,208,121
1996,U.Gate,3,3,_,3,28,25,4,29,77,82,18,100,46
1996,Wilsongarden,11,7,4,11,30,22,8,30,86,93,9,102,72
1996,Vivekanagar,2,2,_,2,4,5,_,5,15,18,1,19,20
1996,S.J.Park,6,6,_,6,4,4,_,4,29,29,6,35,19
1996,S.R.Nagar,9,9,_,9,20,17,3,20,59,55,16,71,47
1996,Madivala,37,34,5,39,70,68,8,76,54,66,16,82,65
1996,Koramangala,3,2,1,3,27,18,9,27,40,34,6,40,13
1996,Mico Lay-Out,7,9,1,10,19,16,4,20,23,24,13,37,33
1996,Thilaknagar,15,13,2,15,38,32,6,38,77,79,8,87,51
1996,Audogodi,9,6,3,9,24,20,4,24,31,55,8,63,34
1997,Cubbonpark,5,2,3,5,38,31,13,44,69,95,20,115,71
1997,V.Soudha,3,3,_,3,15,12,3,15,35,38,8,46,21
1997,L.H,Nil,,,0,,,,0,,,,,
1997,V.V.Tower,Nil,,,0,,,,0,,,,,
1997,M.S.Buildings,Nil,,,0,,,,0,,,,,
1997,S.S.Pura,6,6,_,6,11,8,4,12,57,42,5,47,50
1997,Vyalikava,6,6,1,7,31,30,3,33,42,39,12,51,34
1997,S.D.Nagar,6,4,2,6,27,24,3,27,45,40,14,54,47
1997,H.Grounds,10,10,1,11,36,36,6,42,69,81,10,91,125
1997,Ulsoor,21,18,4,22,53,40,17,57,101,126,23,149,158
1997,H.A.L,9,7,2,9,20,20,2,22,39,47,12,59,21
1997,Airport,8,7,2,9,17,13,6,19,52,51,11,62,42
1997,J.B.Nagar,2,2,_,2,11,11,1,12,23,24,9,33,24
1997,K.R.Pura,15,13,3,16,2,3,2,5,76,79,14,93,51
1997,M.D.Pura,8,7,1,8,4,5,_,5,13,20,6,26,12
1997,R.M.Nagar,_,_,_,0,1,1,_,1,5,6,1,7,8
1997,Byapanahlli,8,6,2,8,9,10,_,10,77,69,20,89,59
1997,Byapanahlli,12,11,1,,13,12,1,13,31,36,6,42,23
1997,C.Street,4,2,2,4,16,8,7,15,56,58,9,67,23
1997,Bharathinagar,_,_,_,0,8,5,4,9,52,48,17,65,30
1997,Shivajinagar,_,_,_,0,7,6,1,7,25,26,7,33,5
1997,F.Town,10,8,1,9,16,17,3,20,55,52,10,62,10
1997,Banasavadi,7,7,_,7,18,15,7,22,50,56,6,62,14
1997,K.G.Halli,2,2,1,3,5,4,1,5,20,15,6,21,7
1997,D.G.Halli,3,2,1,3,4,2,2,4,24,25,2,27,_
1997,Hennur,5,5,_,5,6,7,_,7,18,18,6,24,10
1997,B / Hospital,Nil,,,0,,,,0,,,,,
1997,Market,4,4,_,,5,4,1,5,14,12,2,14,15
1997,Kalasipalya,21,20,1,21,24,21,5,26,113,110,18,128,56
1997,Chickpet,_,_,_,0,4,5,_,5,10,11,2,13,6
1997,Upparpet,11,9,2,11,37,30,10,40,55,54,4,58,33
1997,K.Gate,8,7,1,8,27,19,6,25,30,34,7,41,15
1997,Magadi Road,9,8,1,9,32,26,11,37,50,48,6,54,30
1997,J.J.Nagar,4,3,1,4,8,6,4,10,16,14,7,21,6
1997,K.P.Agrahara,_,_,_,0,4,2,3,5,3,1,2,3,_
1997,Vijayanagar,12,10,2,12,56,45,14,59,101,104,29,133,74
1997,Chandralayout,3,3,_,3,10,10,1,11,19,15,5,20,16
1997,B.Nagar,11,7,4,11,25,17,12,29,35,34,12,46,47
1997,Kamakshipalya,6,5,1,6,32,30,5,35,39,40,12,52,26
1997,Byatranapura,35,30,6,36,44,27,19,46,81,107,27,134,56
1997,Kengeri,16,15,4,19,19,17,2,19,40,71,16,87,23
1997,Janabharathi,1,2,_,2,2,2,_,2,13,18,1,19,4
1997,Malleshwaram,14,9,6,15,28,24,7,31,112,108,30,138,32
1997,Srirampuram,5,5,_,5,22,15,10,25,55,58,11,69,33
1997,Rajajinagar,8,7,2,9,18,19,3,22,85,81,22,103,26
1997,S.B. Nagar,15,15,_,15,19,16,3,19,87,116,45,161,46
1997,M.Layout,2,2,_,2,5,3,2,5,30,23,11,34,16
1997,Y.Pura,25,24,3,27,42,41,5,46,64,60,24,84,70
1997,Jalahally,2,2,_,2,8,8,1,9,36,30,10,40,11
1997,G.Gudi,1,1,_,1,7,4,4,8,21,23,1,24,5
1997,Peenya,27,23,5,28,33,33,4,37,72,81,21,102,70
1997,R.M.C.Yard,4,4,_,4,16,16,_,16,20,21,2,23,54
1997,R.G.Nagar,2,1,1,2,7,5,2,7,10,9,1,10,11
1997,S.D.Hill,7,9,_,9,7,5,2,7,7,19,2,21,2
1997,J.C.Nagar,5,3,1,4,15,18,4,22,31,35,9,44,62
1997,R.T.Nagar,6,6,1,7,19,23,3,26,31,38,6,44,39
1997,Sanjaynagar,16,15,3,18,54,71,10,81,86,93,21,114,110
1997,Yelhanka,25,23,3,26,47,54,7,61,38,39,8,47,30
1997,Hebbal,6,6,2,8,9,12,5,17,21,24,6,30,12
1997,Y.New Town,5,4,1,5,13,18,4,22,7,12,4,16,2
1997,V.D.Pura,3,3,_,3,4,5,3,8,4,4,_,4,4
1997,Jayanagar,7,7,_,7,46,30,17,47,49,58,9,67,61
1997,J.P.Nagar,5,3,2,5,32,24,8,32,21,21,5,26,23
1997,B.Gudi,8,8,_,8,36,30,8,38,57,70,17,87,32
1997,Siddapura,6,4,2,6,20,15,5,20,19,24,5,29,13
1997,T.R.Nagar,2,1,1,2,9,6,3,9,11,9,8,17,15
1997,Banashankari,5,4,1,5,38,31,8,39,53,58,16,74,37
1997,K.S.Layout,12,11,2,13,27,23,5,28,38,27,13,40,12
1997,S.B.Pura,4,3,1,4,8,5,3,8,18,17,10,27,15
1997,Central,6,6,_,6,20,18,3,3,34,30,12,42,20
1997,N.T.PET,1,1,_,1,2,2,_,0,11,9,4,13,9
1997,Victoria,_,_,_,0,4,2,2,2,14,15,4,19,2
1997,Chamrajjpet,10,9,2,11,40,34,7,7,56,55,13,68,39
1997,Shankapura,2,_,2,2,11,7,4,4,15,18,4,22,11
1997,H.Nagar,3,2,1,3,20,16,3,3,24,22,12,34,10
1997,K.G.Nagar,1,1,_,1,6,4,2,2,14,10,6,16,4
1997,Girinagar,2,3,_,3,10,9,2,2,15,17,7,24,9
1997,Ashoknagar,14,12,2,14,39,39,3,42,139,166,33,199,119
1997,U.Gate,7,7,_,7,34,27,7,34,62,58,14,72,78
1997,Wilson garden,8,7,1,8,49,42,7,49,86,94,18,112,38
1997,Viveknagar,5,3,2,5,9,6,3,9,21,20,5,25,13
1997,S.J.Park,4,4,_,4,10,10,_,10,26,25,9,34,15
1997,S.R.Nagar,7,6,1,7,19,13,6,19,40,38,9,47,54
1997,Madivala,49,49,3,52,52,47,5,52,76,106,20,126,76
1997,Koramangala,8,7,1,8,16,11,5,16,54,54,11,65,43
1997,Mico Lay Out,16,15,2,17,47,37,14,51,85,93,15,108,64
1997,Thilaknagar,6,4,2,6,14,11,5,16,40,42,13,55,22
1997,Audogodi,8,5,3,8,22,21,2,23,38,33,14,47,30
1998,Cubbonpark,10,9,1,10,38,35,5,40,81,91,23,114,43
1998,V.Soudha,1,1,_,1,9,8,1,9,40,37,5,42,22
1998,L.H,Nil,,,_,,,,_,,,,_,
1998,V.V.Tower,Nil,,,_,,,,_,,,,_,
1998,M.S.Buildings,Nil,,,_,,,,_,,,,_,
1998,S.S.Pura,7,6,1,7,20,17,5,22,52,50,5,55,25
1998,Vyalikava,9,7,2,9,32,30,3,33,55,53,11,64,40
1998,S.D.Nagar,7,8,_,8,15,11,5,16,28,29,3,32,53
1998,H.Grounds,9,7,2,9,19,20,_,20,63,66,8,74,100
1998,Ulsoor,23,20,4,24,61,65,13,78,93,96,27,123,120
1998,H.A.L,12,9,3,12,26,22,8,30,27,35,11,46,9
1998,Airport,10,9,1,10,22,24,2,26,37,39,11,50,58
1998,J.B.Nagar,1,2,_,2,12,9,3,12,11,17,5,22,23
1998,Indiranagar,7,5,2,7,29,22,7,_,60,55,15,70,53
1998,K.R.Pura,23,24,2,26,2,3,_,3,68,70,13,83,36
1998,M.D.Pura,11,9,2,11,1,1,_,1,47,58,8,66,18
1998,R.M.Nagar,5,5,_,5,_,_,_,0,18,27,6,33,9
1998,Byapanahlli,10,8,3,11,1,1,_,1,21,29,6,35,19
1998,F.Town,8,5,3,8,22,19,5,24,75,67,15,82,22
1998,Banasawadi,14,14,4,18,29,23,6,29,59,53,18,71,26
1998,K.G.Halli,5,3,2,5,5,5,2,7,20,16,5,21,4
1998,D.G.Halli,4,2,2,4,3,2,1,3,27,19,11,30,5
1998,Hennur,5,2,3,5,11,8,4,12,12,11,4,15,6
1998,C.Street,6,6,_,6,17,15,2,17,37,35,10,45,19
1998,Bharathinagar,3,3,_,3,19,13,7,20,35,37,11,48,18
1998,Shivajinagar,7,7,_,7,8,2,6,8,29,27,7,34,5
1998,B / Hospital,Nil,,,_,,,,_,,,,_,
1998,Upparpet,20,19,2,21,48,41,9,50,36,39,11,50,38
1998,K.P.Agrahara,_,_,_,0,4,4,_,4,5,5,2,7,6
1998,Magadi Road,10,7,3,10,33,25,10,35,44,41,10,51,23
1998,Chickpet,_,_,_,0,2,1,1,2,10,7,3,10,8
1998,K.Gate,15,12,3,,23,17,9,,13,14,4,18,14
1998,J.J.Nagar,2,2,_,,9,9,_,,10,9,1,10,4
1998,Market,3,3,_,,2,1,1,,11,9,2,11,9
1998,Kalasipalya,14,13,1,14,27,22,9,31,76,76,16,92,54
1998,Vijayanagar,13,10,3,13,60,53,10,63,76,83,38,121,47
1998,Chandralayout,2,2,_,2,4,4,_,4,5,13,2,15,8
1998,B.Nagar,9,6,3,9,33,29,10,39,51,43,9,52,42
1998,Kamakshipalya,7,7,_,7,24,22,6,28,39,51,8,59,35
1998,Byatranapura,16,16,2,18,38,39,4,43,73,159,41,200,60
1998,Kengeri,14,16,1,17,15,14,2,16,25,24,27,51,23
1998,Janabharathi,1,1,_,1,2,1,1,2,7,6,2,8,9
1998,Maleshwaram,5,2,3,5,20,19,1,20,101,93,25,118,51
1998,Srirampuram,5,2,3,5,14,14,_,14,70,57,25,82,29
1998,Rajajinagar,9,8,1,9,5,5,_,5,67,55,18,73,30
1998,S.B.Nagar,13,12,2,14,18,16,4,20,93,94,23,117,26
1998,Y.Pura,9,8,3,11,26,20,6,26,80,80,12,92,76
1998,Jalahally,3,2,1,3,8,6,2,8,32,33,6,39,14
1998,G.Gudi,2,1,1,2,3,3,_,3,18,22,2,24,5
1998,S.D.Halli,3,6,_,6,4,7,_,7,10,9,1,10,_
1998,M.Layout,6,6,1,7,22,20,2,22,39,36,15,51,24
1998,Peenya,20,18,6,24,36,22,4,26,74,73,14,87,88
1998,R.M.C.Yard,11,11,1,12,10,9,1,10,49,46,9,55,30
1998,R.G.Nagar,2,2,_,2,5,4,1,5,4,6,_,6,11
1998,Hebbal,7,5,2,7,11,15,2,17,33,35,6,41,23
1998,Yelhanka,21,23,1,24,32,29,7,36,70,82,15,97,24
1998,Y.New Town,4,3,1,4,7,6,1,7,18,20,1,21,7
1998,V.D.Pura,2,2,_,2,1,1,_,1,11,17,_,17,5
1998,J.C.Nagar,7,7,_,7,11,11,2,13,33,27,8,35,56
1998,R.T.Nagar,6,6,2,8,27,25,8,33,40,51,24,75,43
1998,Sanjaynagar,12,11,1,12,53,63,11,74,75,71,17,88,96
1998,Jayanagar,13,11,2,13,46,40,9,49,46,45,15,60,42
1998,J.P.Nagar,6,5,1,6,37,26,12,38,24,27,7,34,27
1998,Siddapura,8,7,1,8,17,17,3,20,22,20,10,30,22
1998,B.Gudi,3,3,_,3,43,40,3,43,54,51,26,77,36
1998,T.R.Nagar,1,1,_,1,10,10,_,10,7,6,1,7,11
1998,Banashankari,14,11,4,15,54,44,14,58,36,39,17,56,32
1998,K.S.Layout,12,9,3,12,23,19,4,23,22,24,10,34,10
1998,S.B.Pura,5,6,_,6,13,13,1,14,13,16,4,20,9
1998,Central,4,3,1,4,24,21,8,29,23,21,7,28,24
1998,N.T.pet,2,2,_,2,7,6,1,7,8,8,2,10,9
1998,Victoria,6,6,_,6,7,6,4,10,19,19,6,25,8
1998,Chamrajpet,5,5,_,5,27,25,8,33,33,32,9,41,35
1998,Shankarpura,2,1,1,2,2,1,1,2,6,6,1,7,1
1998,H.Nagar,1,1,_,1,25,21,7,28,25,21,6,27,15
1998,K.G.Nagar,2,1,1,,4,3,1,4,11,9,2,,7
1998,Girinagar,2,2,1,3,20,17,4,21,9,8,3,11,7
1998,U.Gate,11,8,3,11,26,24,2,26,53,59,7,66,49
1998,Wilsongarden,13,13,_,13,22,17,5,22,94,83,21,104,78
1998,S.J.Park,2,2,_,2,10,9,1,10,26,27,5,32,21
1998,S.R.Nagar,6,5,1,6,13,11,2,13,46,37,15,52,49
1998,Ashoknagar,13,13,_,13,45,39,5,44,146,148,41,189,95
1998,Viveknagar,4,3,1,4,7,6,2,8,18,15,3,18,11
1998,Madivala,40,34,9,43,71,65,21,86,70,114,41,155,83
1998,Mico Lay Out,21,20,2,22,44,40,13,53,90,106,23,129,58
1998,Thilaknagar,3,2,1,3,31,29,5,34,29,25,9,34,22
1998,Adugodi,8,6,2,8,22,18,6,24,25,25,3,28,27
1998,Koramangala,8,6,2,8,29,29,7,36,36,31,12,43,35
1999,Cubbonpark,6,4,2,6,28,26,3,29,56,63,14,77,49
1999,V.Soudha,7,7,_,7,10,9,1,10,28,29,4,33,15
1999,L.H,Nil,,,,,,,,,,,,
1999,V.V.Tower,Nil,,,,,,,,,,,,
1999,M.S.Buildings,Nil,,,,,,,,,,,,
1999,S.S.Pura,6,4,2,6,23,20,3,23,33,32,6,38,26
1999,Vyalikava,9,6,3,9,23,18,6,24,41,38,11,49,52
1999,S.D.Nagar,4,3,1,4,16,13,3,16,28,23,11,34,56
1999,H.Grounds,11,7,4,11,25,21,4,25,77,67,10,77,66
1999,Ulsoor,18,18,2,20,61,51,14,65,96,127,36,163,131
1999,H.A.L,10,10,2,12,16,15,3,18,34,39,11,50,19
1999,Airport,9,8,2,10,8,6,2,8,61,60,7,67,46
1999,J.B.Nagar,2,1,1,2,10,8,3,11,34,30,7,37,15
1999,Indiranagar,5,5,_,5,16,14,3,_,52,50,13,63,48
1999,K.R.Pura,8,10,_,10,4,4,1,5,47,49,4,53,14
1999,M.D.Pura,13,13,1,14,8,9,_,9,30,34,9,43,15
1999,R.M.Nagar,6,4,2,6,4,7,_,7,25,27,4,31,21
1999,Byapanahlli,10,8,2,10,13,14,1,15,41,54,13,67,16
1999,F.Town,4,2,3,5,34,24,10,34,86,80,27,107,28
1999,Banasawadi,15,16,_,16,31,29,4,33,73,71,19,90,26
1999,K.G.Halli,7,7,_,7,10,7,3,10,13,12,2,14,6
1999,D.G.Halli,4,4,_,4,5,4,1,5,20,20,6,26,2
1999,Hennur,12,10,2,12,8,8,_,8,4,5,2,7,2
1999,C.Street,1,1,_,1,14,11,5,16,34,30,16,46,15
1999,Bharathinagar,6,5,1,6,12,10,1,11,24,24,6,30,10
1999,Shivajinagar,_,_,_,0,10,7,4,11,19,25,8,33,7
1999,B / Hospital,Nil,,,,,,,,,,,_,
1999,Upparpet,13,11,2,13,24,23,1,24,53,49,7,56,29
1999,K.P.Agrahara,1,_,1,1,2,1,1,2,5,3,3,6,1
1999,Magadi Road,5,4,2,6,29,24,7,31,35,28,13,41,23
1999,Chickpet,_,_,_,0,7,6,1,7,5,5,1,6,8
1999,K.Gate,8,6,2,8,28,23,7,30,22,19,8,27,19
1999,J.J.Nagar,2,1,1,2,5,4,1,5,4,2,3,5,5
1999,Market,1,1,_,1,1,_,1,1,11,6,5,11,5
1999,Kalasipalya,10,8,2,10,19,14,5,19,74,75,12,87,39
1999,Vijayanagar,11,10,1,11,66,30,18,48,88,89,32,121,61
1999,Chandralayout,1,_,1,1,3,2,1,3,13,14,2,16,10
1999,B.Nagar,6,6,_,6,25,8,17,25,42,47,2,49,42
1999,Kamakshipalya,7,9,1,10,16,23,3,26,26,78,27,105,19
1999,Byatranapura,19,20,6,26,44,36,6,42,83,124,30,154,52
1999,Kengeri,11,11,_,11,20,27,4,31,22,47,15,62,13
1999,Janabharathi,2,2,_,2,6,4,2,6,4,4,_,4,4
1999,Maleshwaram,6,6,_,6,20,16,5,21,92,75,37,112,41
1999,Srirampura,4,3,1,4,5,5,_,5,70,58,22,80,33
1999,Rajajinagar,9,9,_,9,11,9,2,11,55,50,12,62,29
1999,S.B.Nagar,7,6,1,7,15,10,5,15,51,50,11,61,38
1999,Y.Pura,16,17,_,17,16,14,2,16,83,95,9,_,66
1999,Jalahally,7,6,2,8,5,4,1,5,28,29,8,,17
1999,G.Gudi,3,2,1,3,2,1,1,2,9,11,1,,8
1999,S.D.Halli,3,3,1,4,2,1,1,2,13,27,1,28,2
1999,M.Layout,6,6,_,6,6,5,1,6,38,38,5,43,24
1999,Peenya,29,26,4,30,17,15,2,17,88,85,20,105,61
1999,R.M.C.Yard,4,4,_,4,6,6,_,6,47,38,15,53,29
1999,R.G.Nagar,1,1,_,1,5,4,1,5,20,16,5,21,8
1999,Hebbal,4,3,1,4,14,20,2,22,22,19,6,25,25
1999,Yelhanka,22,19,3,22,44,45,9,54,55,55,12,67,40
1999,Y.New Town,6,6,2,8,12,13,2,15,10,9,1,10,6
1999,V.D.Pura,1,1,_,1,5,8,5,13,4,3,1,4,7
1999,J.C.Nagar,2,2,_,2,11,10,2,12,44,41,10,51,48
1999,R.T.Nagar,7,6,1,7,18,14,4,18,41,37,10,47,41
1999,Sanjaynagar,8,7,1,8,51,58,24,82,63,68,19,87,91
1999,Jayanagar,8,6,2,8,41,40,11,51,35,41,10,51,40
1999,J.P.Nagar,9,8,1,9,29,23,6,29,16,18,2,20,28
1999,Siddapura,1,1,_,1,25,26,1,27,23,22,5,27,15
1999,B.Gudi,5,4,1,5,36,34,9,43,62,64,14,78,40
1999,T.R.Nagar,2,1,1,2,15,10,5,15,13,11,11,22,10
1999,Banashankari,7,7,_,7,45,41,5,46,42,36,13,49,38
1999,K.S.Layout,10,8,3,11,14,14,2,16,24,32,5,37,9
1999,S.B.Pura,5,5,1,6,13,14,1,15,30,31,6,37,8
1999,Central,4,2,2,4,18,15,4,19,16,16,5,21,21
1999,N.T.pet,2,1,1,2,4,5,_,5,7,10,1,11,4
1999,Victoria,_,_,_,0,2,2,_,2,3,3,1,4,_
1999,Chamrajpet,4,5,_,5,19,13,7,20,25,27,6,33,26
1999,Shankarpura,1,1,_,1,20,14,6,20,16,20,5,25,11
1999,H.Nagar,3,3,_,3,14,12,3,15,23,24,4,28,17
1999,K.G.Nagar,_,_,_,0,7,7,1,8,15,17,2,19,3
1999,Girinagar,2,2,_,2,23,21,3,24,15,16,3,19,8
1999,U.Gate,6,3,3,6,27,27,_,27,53,48,15,63,49
1999,Wilsongarden,7,7,_,7,14,12,2,14,60,52,16,68,48
1999,S.J.Park,5,4,1,5,7,4,3,7,22,22,2,24,21
1999,S.R.Nagar,4,4,_,4,28,23,7,30,36,35,9,44,62
2000,Cubbonpark,9,9,1,10,36,34,3,37,32,36,16,52,39
2000,V.Soudha,3,3,_,3,18,16,2,18,13,16,3,19,16
2000,L.H,Nil,,,_,,,,_,,,,_,
2000,V.V.Tower,Nil,,,_,,,,_,,,,_,
2000,M.S.Buildings,Nil,,,_,,,,_,,,,_,
2000,S.S.Pura,2,2,_,2,9,8,1,9,51,42,12,54,33
2000,Vyalikaval,5,3,2,5,15,10,5,15,26,24,5,29,33
2000,S.D.Nagar,5,5,_,5,22,16,6,22,27,26,4,30,65
2000,H.Grounds,12,11,1,12,21,16,5,21,66,51,13,64,78
2000,Ulsoor,29,25,4,29,69,59,22,81,66,89,25,114,108
2000,Indirnagar,6,5,1,6,20,19,4,23,70,73,15,88,65
2000,H.A.L,12,10,2,12,12,5,7,12,44,54,20,74,26
2000,Airport,10,8,2,10,11,9,2,11,47,51,3,54,50
2000,J.B.Nagar,1,1,_,1,7,6,1,,34,28,7,35,16
2000,K.R.Pura,12,12,1,13,8,9,1,10,60,69,11,80,13
2000,M.D.Pura,10,10,_,10,9,7,2,9,20,19,13,32,21
2000,R.M.Nagar,8,7,2,9,4,3,1,4,19,20,11,31,29
2000,Byapanahalli,7,6,1,7,10,9,1,10,53,52,10,62,19
2000,F.Town,4,3,1,4,31,26,11,37,83,69,21,90,31
2000,Banasawadi,6,4,2,6,23,17,5,22,54,54,14,68,31
2000,K.G.Halli,1,1,_,1,15,16,3,19,21,27,9,36,5
2000,D.J.Halli,_,_,_,0,7,4,3,7,16,9,7,16,3
2000,Hennur,1,1,_,1,16,13,7,20,10,15,9,24,2
2000,C.Street,4,1,3,4,19,9,13,22,29,31,11,42,14
2000,Bharathinagar,6,10,1,11,13,10,3,13,41,45,13,58,19
2000,Shivajinagar,_,_,_,0,7,7,_,7,20,21,5,26,5
2000,B / Hospital,Nil,,,_,,,,_,,,,_,
2000,U.Gate,6,5,1,6,23,17,9,26,53,55,11,66,54
2000,Wilsongarden,6,5,1,6,26,24,6,30,84,78,25,103,68
2000,S.J.Park,1,1,_,1,12,11,2,13,33,37,5,42,28
2000,S.R.Nagar,3,2,1,3,20,19,2,21,47,49,9,58,54
2000,Ashoknagar,16,15,2,17,31,28,12,40,96,94,27,121,107
2000,Viveknagar,4,3,1,4,10,7,3,10,27,23,10,33,23
2000,Madivala,54,47,9,56,93,85,16,101,110,144,38,182,98
2000,Mico Lay Out,13,12,1,13,40,30,11,41,66,65,18,83,72
2000,Thilaknagar,_,_,_,0,26,20,10,30,44,36,10,46,28
2000,Adugodi,7,6,2,8,23,24,5,29,35,35,20,55,40
2000,Koramangala,13,10,3,13,41,36,9,45,59,70,12,82,52
2000,Upparpet,9,8,1,9,25,23,3,26,38,33,7,40,10
2000,K.P.Aghara,_,_,_,0,2,2,_,2,7,5,2,7,2
2000,Magdi Road,13,8,5,13,29,24,5,29,45,37,8,45,33
2000,Chickpet,_,_,_,_,5,4,1,5,4,2,2,4,2
2000,Cottonpet,5,3,2,5,22,20,3,23,17,14,6,20,14
2000,J.J.Nagar,1,1,_,1,6,3,3,6,11,9,2,11,2
2000,Market,1,1,_,1,2,2,_,2,14,12,2,_,14
2000,Kalashipalya,11,7,4,11,26,22,5,27,57,63,15,78,20
2000,Vijayanagar,13,10,3,13,78,68,16,84,126,144,37,181,94
2000,Chandralayout,_,_,_,0,3,3,_,3,12,11,2,13,7
2000,B.Nagar,7,6,1,7,34,27,7,34,58,69,20,89,50
2000,Kamakshipalya,10,9,1,10,34,26,10,36,42,54,11,65,24
2000,Byatraynapura,12,12,4,16,26,22,5,27,73,76,27,103,64
2000,Kengeri,20,24,_,24,23,20,6,26,20,49,9,58,21
2000,Janabharathi,_,_,_,0,3,3,1,4,4,6,_,6,6
2000,Malleshwaram,8,8,_,8,14,9,5,14,67,64,21,85,32
2000,Srirampuram,2,2,_,2,6,3,3,6,74,59,26,85,30
2000,Rajajinagar,3,1,2,3,10,8,2,10,59,61,11,72,29
2000,S.B.Nagar,11,11,2,13,17,15,4,19,64,63,15,78,41
2000,Y.Pura,22,16,6,22,19,16,3,19,130,149,25,174,77
2000,Jalahally,2,2,_,2,6,3,3,,48,58,23,81,15
2000,G.Gudi,3,3,_,3,3,3,_,3,14,12,4,16,6
2000,S.D.Hally,2,2,_,2,2,2,_,2,13,21,2,23,2
2000,M.Layout,5,5,1,6,5,5,_,5,44,38,11,49,13
2000,Peenya,18,17,2,19,12,11,1,12,122,115,21,136,48
2000,R.M.C.Yard,15,14,1,15,5,5,_,5,42,41,5,46,26
2000,R.G.Nagar,5,5,_,5,2,2,_,2,22,21,3,24,7
2000,Hebbal,6,6,_,6,16,16,3,19,27,32,4,36,38
2000,Yelahanka,19,17,4,21,45,59,13,72,45,46,5,51,37
2000,Y.New Town,5,5,_,5,19,22,5,27,20,24,_,24,4
2000,V.D.Pura,1,_,1,1,6,7,1,8,13,12,1,13,5
2000,J.C.Nagar,4,4,_,4,9,10,1,11,23,21,7,28,56
2000,R.T.Nagar,9,9,2,11,18,17,4,21,23,21,5,26,42
2000,Sanjaynagar,15,12,5,17,52,53,11,64,63,54,24,78,84
2000,Jayanagar,10,9,1,10,41,30,11,41,56,47,18,65,66
2000,J.P.Nagar,7,3,4,7,34,32,5,37,39,38,11,49,45
2000,Siddapura,5,5,_,5,18,13,6,19,20,20,6,26,20
2000,B.Gudi,8,7,1,8,38,35,7,42,58,51,28,79,47
2000,T.R.Nagar,_,_,_,0,11,7,4,11,6,7,_,7,6
2000,Banashankari,17,12,5,17,57,48,11,59,68,65,25,90,54
2000,K.S.Layout,12,13,1,14,22,23,3,26,28,29,6,35,24
2000,S.B.Pura,6,6,_,6,12,11,1,12,18,19,6,25,6
2000,Central,4,5,_,5,4,2,3,5,13,13,6,19,14
2000,N.T.Pet,3,2,1,3,7,7,1,8,15,15,4,19,2
2000,Victoria,1,1,_,1,6,6,_,6,6,6,4,10,1
2000,Chamarajjpet,6,4,2,6,34,30,7,37,45,45,18,63,44
2000,Shankarpura,2,1,1,2,4,3,2,5,9,9,1,10,7
2000,H.Nagar,4,4,_,4,30,26,10,36,31,31,7,38,16
2000,K.G.Nagar,_,_,_,0,8,7,1,8,5,5,_,5,2
2000,Girinagara,8,8,_,8,32,30,8,38,24,23,7,30,14
2001,Cubbonpark,6,7,_,7,41,43,2,45,71,76,17,93,33
2001,V.Soudha,1,_,1,1,10,10,1,11,21,19,6,25,30
2001,L.H,_,_,_,_,_,_,_,_,_,_,_,_,_
2001,V.V.Tower,_,_,_,_,_,_,_,_,_,_,_,_,_
2001,M.S.Buildings,_,_,_,_,_,_,_,_,_,_,_,_,_
2001,S.S.Pura,6,5,1,6,12,7,5,12,48,47,6,53,41
2001,H.Grounds,10,10,_,10,15,12,3,15,88,80,11,91,102
2001,S.D.Nagar,7,7,_,7,20,15,15,30,39,32,8,40,37
2001,Vyalikava,7,6,1,7,31,23,8,31,57,42,17,59,46
2001,Ulsoor,21,21,3,24,64,66,8,61,57,69,15,84,84
2001,Indirnagar,8,7,1,8,6,4,2,6,74,79,15,94,81
2001,Byapanahalli,14,10,5,15,3,3,_,3,52,54,10,64,27
2001,J.B.Nagar,5,4,1,5,_,_,_,_,33,32,9,41,13
2001,Airport,8,8,_,8,13,13,3,16,55,55,15,70,43
2001,H.A.L,15,15,2,17,11,9,3,12,64,54,24,78,30
2001,K.R.Pura,7,5,6,11,11,11,2,13,53,52,10,62,24
2001,M.D.Pura,10,10,_,10,11,9,3,12,39,39,6,45,26
2001,R.M.Nagar,6,6,_,6,10,8,3,11,32,29,8,37,29
2001,F.Town,6,5,1,6,38,34,12,46,80,70,38,108,34
2001,Banasawadi,11,10,1,11,34,38,11,49,62,60,10,70,25
2001,Hennur,6,5,1,6,11,12,9,21,23,21,6,27,8
2001,K.G.Halli,2,2,_,2,14,10,3,13,20,20,5,25,15
2001,D.J.Halli,2,2,_,2,5,4,1,5,21,18,4,22,8
2001,C.Street,5,3,2,5,19,17,4,21,31,23,14,37,15
2001,Bharathinagar,10,7,3,10,25,20,5,25,41,43,13,56,22
2001,Shivajinagar,4,3,1,4,15,12,3,15,18,26,6,32,10
2001,B / Hospital,Nil,_,_,_,_,_,_,_,_,_,_,_,_
2001,U.Gate,7,5,2,7,20,18,2,20,69,76,8,84,74
2001,S.J.Park,3,3,_,3,5,4,1,5,35,31,9,40,23
2001,W.Garden,8,7,1,8,22,16,7,23,90,98,9,107,56
2001,S.R.Nagar,8,6,2,8,12,9,4,13,43,41,14,55,49
2001,Ashoknagar,9,8,2,10,20,15,6,21,99,99,27,126,65
2001,Viveknagar,6,5,1,6,5,4,1,5,33,35,11,46,19
2001,Madivala,60,55,8,63,82,74,19,93,128,162,52,214,121
2001,Mico Lay Out,21,18,3,21,57,54,7,61,92,107,24,131,91
2001,Tilaknagar,1,_,1,1,23,19,4,23,37,39,11,50,17
2001,Adugodi,12,10,2,12,23,26,1,27,48,46,14,60,21
2001,Koramangala,18,15,3,18,37,36,17,53,62,71,34,105,61
2001,Upparpet,8,8,_,8,37,31,6,37,41,35,10,45,35
2001,Magadi Road,9,9,_,9,29,22,10,32,46,40,7,47,30
2001,J.J.Nagar,_,_,_,_,5,3,2,5,12,9,3,12,5
2001,K.P.Agrahara,_,_,_,_,2,1,1,2,5,4,1,5,_
2001,Chickpet,_,_,_,_,4,3,1,4,_,_,_,_,_
2001,Cottonpet,8,8,3,11,32,24,12,36,16,14,5,19,7
2001,Market,3,2,1,3,10,8,2,10,13,16,_,16,4
2001,Kalashipalya,11,10,1,11,32,28,5,33,50,50,9,59,18
2001,Vijayanagar,11,9,2,11,55,49,11,60,112,119,40,159,54
2001,B.Nagar,7,5,2,7,38,32,8,40,72,65,21,86,38
2001,Kamakshipalya,9,7,2,9,26,24,4,28,42,53,8,61,27
2001,Byatraynapura,18,14,4,18,24,23,4,27,67,71,13,84,79
2001,Kengeri,9,8,1,9,17,17,3,20,47,79,18,97,15
2001,Chandralayout,4,3,5,8,9,6,5,11,21,24,23,47,9
2001,Janabharathi,1,1,_,1,2,5,5,10,16,28,18,46,4
2001,Malleshwaram,8,5,3,8,19,16,3,19,76,74,27,101,37
2001,Srirampuram,8,8,1,9,11,9,2,11,59,51,19,70,37
2001,S.B.Nagar,10,10,1,11,20,13,7,20,64,72,15,87,47
2001,Rajajinagar,6,5,1,6,25,25,1,26,54,49,12,61,18
2001,M.Layout,3,2,2,4,9,6,4,10,25,28,8,36,23
2001,N.Layout,2,2,_,2,_,_,_,0,10,11,6,17,2
2001,Y.Pura,14,14,1,15,44,36,8,44,95,103,18,121,73
2001,Jalahally,6,4,2,6,10,8,2,10,33,35,5,40,11
2001,S.D.Hally,5,4,1,5,2,2,_,2,18,26,6,32,1
2001,G.Gudi,4,4,_,4,4,4,_,4,20,18,3,21,1
2001,Peenya,25,25,1,26,14,12,2,14,134,129,25,154,59
2001,R.M.C.Yard,10,10,_,10,3,2,1,3,47,47,4,51,24
2001,R.G.Nagar,2,2,_,2,_,_,_,0,30,26,9,35,7
2001,Hebbal,11,7,5,12,37,36,6,42,28,31,3,34,35
2001,Yelhanka,27,22,8,30,54,52,28,80,48,54,13,67,46
2001,Y.New Town,1,_,1,1,18,20,2,22,18,18,3,21,6
2001,V.D.Pura,1,1,_,1,3,4,2,6,8,5,5,10,5
2001,J.C.Nagar,2,3,_,3,9,8,2,10,23,23,4,27,52
2001,R.T.Nagar,4,3,1,4,24,25,2,27,39,33,9,42,59
2001,Sanjaynagar,14,13,2,15,47,53,11,64,56,51,16,67,60
2001,Jayanagar,3,3,_,3,63,59,10,69,62,57,26,83,65
2001,J.P.Nagar,11,8,3,11,68,55,16,71,46,44,17,61,94
2001,Siddapura,5,5,1,6,17,13,4,17,26,28,5,33,17
2001,B.Gudi,5,4,1,5,46,35,11,46,100,97,32,129,77
2001,H.Nagar,3,3,_,3,20,20,_,20,53,52,18,70,15
2001,Shankarpura,4,4,_,4,13,12,1,13,13,13,4,17,6
2001,K.G.Nagar,2,1,1,2,5,4,1,5,13,15,4,19,3
2001,Banashankari,15,13,2,15,66,63,17,80,68,57,19,76,67
2001,K.S.Layout,6,5,1,6,40,39,10,49,35,29,7,36,22
2001,S.B.Pura,4,4,_,4,22,14,10,24,16,16,3,19,7
2001,Girinagara,6,6,_,6,22,16,9,25,25,23,8,31,13
2001,T.R.Nagar,1,1,_,1,7,7,_,7,6,5,2,7,7